"player_id","full_name","team","positions","current_price","breakeven","current_season_average","average_3_round","average_5_round","total_points","games_played","ownership_percentage","played_status","status","injury_detail","expected_return","role_tag","goal_kicking_status","starting_status","locked_flag","active_flag"
347,"Jenkins, Thomas","PTH","CTW",872200,NA,109,NA,NA,545,5,NA,"pre","Yet to play",NA,NA,NA,NA,NA,FALSE,TRUE
337,"Cleary, Nathan","PTH","HFB",859600,NA,95,NA,NA,475,5,NA,"pre","Yet to play",NA,NA,NA,NA,NA,FALSE,TRUE
7,"Haas, Payne","BRO","FRF",809400,NA,60.8,NA,NA,304,5,NA,"pre","Yet to play",NA,NA,NA,NA,NA,FALSE,TRUE
373,"Hynes, Nicholas","SHA","HFB",808800,NA,99.4,NA,NA,497,5,NA,"pre","Yet to play",NA,NA,NA,NA,NA,FALSE,TRUE
102,"Farnworth, Herbie","DOL","CTW",792200,NA,82,NA,NA,410,5,NA,"pre","Bye Next Round","Bye Next Round",NA,NA,NA,NA,FALSE,TRUE
250,"Drinkwater, Scott","NQC","FLB",768500,NA,71.2,NA,NA,356,5,NA,"pre","Yet to play",NA,NA,NA,NA,NA,FALSE,TRUE
475,"Tedesco, James","SYD","FLB",754700,NA,54.2,NA,NA,271,5,NA,"pre","Yet to play",NA,NA,NA,NA,NA,FALSE,TRUE
279,"Boyd, Tanah","NZL","HFB",748800,NA,92.6,NA,NA,463,5,NA,"pre","Yet to play",NA,NA,NA,NA,NA,FALSE,TRUE
28,"Walsh, Reece","BRO","FLB",746800,NA,67,NA,NA,335,5,NA,"pre","Yet to play",NA,NA,NA,NA,NA,FALSE,TRUE
158,"Fa'alogo, Sua","MEL",NA,746700,NA,101.6,NA,NA,508,5,NA,"pre","Yet to play",NA,NA,NA,NA,NA,FALSE,TRUE
507,"May, Terrell","WST","FRF",743000,NA,59.4,NA,NA,297,5,NA,"pre","Yet to play",NA,NA,NA,NA,NA,FALSE,TRUE
97,"Young, Hudson","CBR","2RF",740800,NA,76.4,NA,NA,382,5,NA,"pre","Yet to play",NA,NA,NA,NA,NA,FALSE,TRUE
127,"Campbell, Jayden","GCT","HFB",738400,NA,52.8,NA,NA,264,5,NA,"pre","Yet to play",NA,NA,NA,NA,NA,FALSE,TRUE
162,"Hughes, Jahrome","MEL","HFB",733200,NA,78.6,NA,NA,393,5,NA,"pre","Yet to play",NA,NA,NA,NA,NA,FALSE,TRUE
341,"Edwards, Dylan","PTH","FLB",732700,NA,78,NA,NA,390,5,NA,"pre","Yet to play",NA,NA,NA,NA,NA,FALSE,TRUE
164,"Katoa, Eliesa","MEL","2RF",728300,NA,0,NA,NA,0,5,NA,"pre","Yet to play",NA,NA,NA,NA,NA,FALSE,TRUE
202,"Trbojevic, Tom","MNL","FLB",727800,NA,68,NA,NA,340,5,NA,"pre","Yet to play",NA,NA,NA,NA,NA,FALSE,TRUE
286,"Ford, Jackson","NZL","FRF",727100,NA,82,NA,NA,410,5,NA,"pre","Yet to play",NA,NA,NA,NA,NA,FALSE,TRUE
270,"Purdue, Jaxon","NQC","5/8",713700,NA,81.2,NA,NA,406,5,NA,"pre","Yet to play",NA,NA,NA,NA,NA,FALSE,TRUE
108,"Isaako, Jamayne","DOL","CTW",710500,NA,78.4,NA,NA,392,5,NA,"pre","Bye Next Round","Bye Next Round",NA,NA,NA,NA,FALSE,TRUE
441,"Mitchell, Latrell","STH","CTW",706500,NA,73.4,NA,NA,367,5,NA,"pre","Yet to play",NA,NA,NA,NA,NA,FALSE,TRUE
417,"Su'A, Jaydn","STG",NA,702200,NA,76.4,NA,NA,382,5,NA,"pre","Yet to play",NA,NA,NA,NA,NA,FALSE,TRUE
510,"Pearce-Paul, Kai","WST","2RF",696600,NA,73.8,NA,NA,369,5,NA,"pre","Yet to play",NA,NA,NA,NA,NA,FALSE,TRUE
404,"Holmes, Valentine","STG","CTW",695200,NA,66.6,NA,NA,333,5,NA,"pre","Yet to play",NA,NA,NA,NA,NA,FALSE,TRUE
226,"Lucas, Dylan","NEW","2RF",695100,NA,71,NA,NA,355,5,NA,"pre","Yet to play",NA,NA,NA,NA,NA,FALSE,TRUE
125,"Tabuai-Fidow, Hamiso","DOL","FLB",694600,NA,75.4,NA,NA,377,5,NA,"pre","Bye Next Round","Bye Next Round",NA,NA,NA,NA,FALSE,TRUE
351,"McLean, Casey","PTH","CTW",691000,NA,75.8,NA,NA,379,5,NA,"pre","Yet to play",NA,NA,NA,NA,NA,FALSE,TRUE
237,"Sharpe, Fletcher","NEW","5/8",686800,NA,36.4,NA,NA,182,5,NA,"pre","Yet to play",NA,NA,NA,NA,NA,FALSE,TRUE
98,"Averillo, Jake","DOL","CTW",686100,NA,74.4,NA,NA,372,5,NA,"pre","Bye Next Round","Bye Next Round",NA,NA,NA,NA,FALSE,TRUE
24,"Staggs, Kotoni","BRO","CTW",685800,NA,70,NA,NA,350,5,NA,"pre","Yet to play",NA,NA,NA,NA,NA,FALSE,TRUE
246,"Clifford, Jake","NQC","5/8",684400,NA,82.2,NA,NA,411,5,NA,"pre","Yet to play",NA,NA,NA,NA,NA,FALSE,TRUE
193,"Olakau'atu, Haumole","MNL",NA,676800,NA,65.2,NA,NA,326,5,NA,"pre","Yet to play",NA,NA,NA,NA,NA,FALSE,TRUE
466,"Nawaqanitawase, Mark","SYD","CTW",675600,NA,55,NA,NA,275,5,NA,"pre","Yet to play",NA,NA,NA,NA,NA,FALSE,TRUE
491,"Doueihi, Adam","WST","HFB",674200,NA,72,NA,NA,360,5,NA,"pre","Yet to play",NA,NA,NA,NA,NA,FALSE,TRUE
45,"Kiraz, Jacob","BUL","CTW",670200,NA,53.4,NA,NA,267,5,NA,"pre","Yet to play",NA,NA,NA,NA,NA,FALSE,TRUE
272,"Taulagi, Murray","NQC","CTW",670200,NA,74,NA,NA,370,5,NA,"pre","Yet to play",NA,NA,NA,NA,NA,FALSE,TRUE
189,"Koula, Tolutau","MNL","CTW",663400,NA,65.8,NA,NA,329,5,NA,"pre","Yet to play",NA,NA,NA,NA,NA,FALSE,TRUE
20,"Riki, Jordan","BRO","2RF",662100,NA,70.4,NA,NA,352,5,NA,"pre","Yet to play",NA,NA,NA,NA,NA,FALSE,TRUE
361,"Yeo, Isaah","PTH","2RF",660000,NA,71.2,NA,NA,356,5,NA,"pre","Yet to play",NA,NA,NA,NA,NA,FALSE,TRUE
353,"Papali'i, Isaiah","PTH",NA,657500,NA,72,NA,NA,360,5,NA,"pre","Yet to play",NA,NA,NA,NA,NA,FALSE,TRUE
4,"Carrigan, Patrick","BRO","2RF/FRF",656800,NA,70,NA,NA,350,5,NA,"pre","Yet to play",NA,NA,NA,NA,NA,FALSE,TRUE
363,"Brailey, Blayke","SHA","HOK",655200,NA,69,NA,NA,345,5,NA,"pre","Yet to play",NA,NA,NA,NA,NA,FALSE,TRUE
116,"Naufahu, Tevita","DOL","CTW",655100,NA,0,NA,NA,0,5,NA,"pre","Bye Next Round","Bye Next Round",NA,NA,NA,NA,FALSE,TRUE
281,"Clark, Erin","NZL","2RF",654100,NA,65.4,NA,NA,327,5,NA,"pre","Yet to play",NA,NA,NA,NA,NA,FALSE,TRUE
52,"Preston, Jacob","BUL","2RF",643300,NA,54,NA,NA,270,5,NA,"pre","Yet to play",NA,NA,NA,NA,NA,FALSE,TRUE
104,"Finefeuiaki, Kulikefu","DOL","2RF",640400,NA,81.8,NA,NA,409,5,NA,"pre","Bye Next Round","Bye Next Round",NA,NA,NA,NA,FALSE,TRUE
436,"Koloamatangi, Keaon","STH","FRF",636900,NA,52.2,NA,NA,261,5,NA,"pre","Yet to play",NA,NA,NA,NA,NA,FALSE,TRUE
157,"Coates, Xavier","MEL","CTW",636700,NA,0,NA,NA,0,5,NA,"pre","Yet to play",NA,NA,NA,NA,NA,FALSE,TRUE
476,"Toia, Robert","SYD","CTW",636300,NA,53,NA,NA,265,5,NA,"pre","Yet to play",NA,NA,NA,NA,NA,FALSE,TRUE
241,"Young, Dominic","NEW","CTW",632900,NA,83.4,NA,NA,417,5,NA,"pre","Yet to play",NA,NA,NA,NA,NA,FALSE,TRUE
434,"Johnston, Alex","STH","CTW",629500,NA,51,NA,NA,255,5,NA,"pre","Yet to play",NA,NA,NA,NA,NA,FALSE,TRUE
374,"Iro, Kayal","SHA","CTW",627500,NA,60.6,NA,NA,303,5,NA,"pre","Yet to play",NA,NA,NA,NA,NA,FALSE,TRUE
381,"Mulitalo, Ronaldo","SHA","CTW",624200,NA,0,NA,NA,0,5,NA,"pre","Yet to play",NA,NA,NA,NA,NA,FALSE,TRUE
244,"Burns, Braidon","NQC","CTW",622600,NA,64.6,NA,NA,323,5,NA,"pre","Yet to play",NA,NA,NA,NA,NA,FALSE,TRUE
92,"Tamale, Savelio","CBR","CTW",619800,NA,63.2,NA,NA,316,5,NA,"pre","Yet to play",NA,NA,NA,NA,NA,FALSE,TRUE
159,"Grant, Harry","MEL","HOK",619100,NA,72.2,NA,NA,361,5,NA,"pre","Yet to play",NA,NA,NA,NA,NA,FALSE,TRUE
506,"May, Taylan","WST","CTW",617400,NA,1.4,NA,NA,7,5,NA,"pre","Yet to play",NA,NA,NA,NA,NA,FALSE,TRUE
489,"Bula, Jahream","WST","FLB",614200,NA,54.4,NA,NA,272,5,NA,"pre","Yet to play",NA,NA,NA,NA,NA,FALSE,TRUE
298,"Metcalf, Luke","NZL","HFB",613500,NA,11.6,NA,NA,58,5,NA,"pre","Yet to play",NA,NA,NA,NA,NA,FALSE,TRUE
33,"Burton, Matt","BUL","5/8",613300,NA,53.6,NA,NA,268,5,NA,"pre","Yet to play",NA,NA,NA,NA,NA,FALSE,TRUE
185,"Fogarty, Jamal","MNL","HFB",611200,NA,49.6,NA,NA,248,5,NA,"pre","Yet to play",NA,NA,NA,NA,NA,FALSE,TRUE
79,"Nicholson, Matty","CBR","2RF",611200,NA,0,NA,NA,0,5,NA,"pre","Yet to play",NA,NA,NA,NA,NA,FALSE,TRUE
94,"Timoko, Matthew","CBR","CTW",610600,NA,5.4,NA,NA,27,5,NA,"pre","Yet to play",NA,NA,NA,NA,NA,FALSE,TRUE
519,"Twal, Alex","WST","FRF/2RF",608400,NA,63.8,NA,NA,319,5,NA,"pre","Yet to play",NA,NA,NA,NA,NA,FALSE,TRUE
232,"Ponga, Kalyn","NEW","FLB",607800,NA,34,NA,NA,170,5,NA,"pre","Yet to play",NA,NA,NA,NA,NA,FALSE,TRUE
19,"Reynolds, Adam","BRO","HFB",605400,NA,40,NA,NA,200,5,NA,"pre","Yet to play",NA,NA,NA,NA,NA,FALSE,TRUE
43,"Kikau, Viliame","BUL","2RF",604400,NA,49.8,NA,NA,249,5,NA,"pre","Yet to play",NA,NA,NA,NA,NA,FALSE,TRUE
114,"Marshall-King, Jeremy","DOL","HOK",603700,NA,0,NA,NA,0,5,NA,"pre","Bye Next Round","Bye Next Round",NA,NA,NA,NA,FALSE,TRUE
316,"Kautoga, Kitione","PAR","2RF",602200,NA,62.2,NA,NA,311,5,NA,"pre","Yet to play",NA,NA,NA,NA,NA,FALSE,TRUE
121,"Saifiti, Daniel","DOL","FRF",601400,NA,0,NA,NA,0,5,NA,"pre","Bye Next Round","Bye Next Round",NA,NA,NA,NA,FALSE,TRUE
93,"Tapine, Joseph","CBR","FRF",600900,NA,55,NA,NA,275,5,NA,"pre","Yet to play",NA,NA,NA,NA,NA,FALSE,TRUE
60,"Tracey, Connor","BUL","FLB",599100,NA,49,NA,NA,245,5,NA,"pre","Yet to play",NA,NA,NA,NA,NA,FALSE,TRUE
315,"Iongi, Isaiah","PAR","FLB",598600,NA,45.4,NA,NA,227,5,NA,"pre","Yet to play",NA,NA,NA,NA,NA,FALSE,TRUE
171,"Munster, Cameron","MEL","5/8",594000,NA,60.8,NA,NA,304,5,NA,"pre","Yet to play",NA,NA,NA,NA,NA,FALSE,TRUE
228,"Marzhew, Greg","NEW","CTW",593800,NA,65,NA,NA,325,5,NA,"pre","Yet to play",NA,NA,NA,NA,NA,FALSE,TRUE
431,"Gray, Jye","STH","FLB",592100,NA,52.2,NA,NA,261,5,NA,"pre","Yet to play",NA,NA,NA,NA,NA,FALSE,TRUE
113,"Lemuelu, Connelly","DOL","2RF",586800,NA,64.6,NA,NA,323,5,NA,"pre","Bye Next Round","Bye Next Round",NA,NA,NA,NA,FALSE,TRUE
86,"Sasagi, Simi","CBR","2RF/CTW",585600,NA,79.6,NA,NA,398,5,NA,"pre","Yet to play",NA,NA,NA,NA,NA,FALSE,TRUE
96,"Weekes, Kaeo","CBR","FLB",585000,NA,64.4,NA,NA,322,5,NA,"pre","Yet to play",NA,NA,NA,NA,NA,FALSE,TRUE
243,"Bateman, John","NQC","2RF",584200,NA,0,NA,NA,0,5,NA,"pre","Yet to play",NA,NA,NA,NA,NA,FALSE,TRUE
457,"Cherry-Evans, Daly","SYD","5/8",584200,NA,44.8,NA,NA,224,5,NA,"pre","Yet to play",NA,NA,NA,NA,NA,FALSE,TRUE
371,"Hiroti, Mawene","SHA","CTW",581300,NA,0,NA,NA,0,5,NA,"pre","Yet to play",NA,NA,NA,NA,NA,FALSE,TRUE
334,"Williams, Jack","PAR","2RF/FRF",579100,NA,59.8,NA,NA,299,5,NA,"pre","Yet to play",NA,NA,NA,NA,NA,FALSE,TRUE
248,"Dearden, Thomas","NQC","HFB",578300,NA,61.8,NA,NA,309,5,NA,"pre","Yet to play",NA,NA,NA,NA,NA,FALSE,TRUE
200,"Trbojevic, Ben","MNL","2RF",577800,NA,61.4,NA,NA,307,5,NA,"pre","Yet to play",NA,NA,NA,NA,NA,FALSE,TRUE
156,"Chan, Joe","MEL","2RF",577100,NA,75.8,NA,NA,379,5,NA,"pre","Yet to play",NA,NA,NA,NA,NA,FALSE,TRUE
399,"Feagai, Mathew","STG","CTW",577000,NA,4.2,NA,NA,21,5,NA,"pre","Yet to play",NA,NA,NA,NA,NA,FALSE,TRUE
176,"Warbrick, William","MEL","CTW",575200,NA,71.6,NA,NA,358,5,NA,"pre","Yet to play",NA,NA,NA,NA,NA,FALSE,TRUE
209,"Best, Bradman","NEW","CTW",573900,NA,55.8,NA,NA,279,5,NA,"pre","Yet to play",NA,NA,NA,NA,NA,FALSE,TRUE
443,"Murray, Cameron","STH","2RF",571600,NA,52.6,NA,NA,263,5,NA,"pre","Yet to play",NA,NA,NA,NA,NA,FALSE,TRUE
217,"Gagai, Dane","NEW","CTW",570600,NA,68.8,NA,NA,344,5,NA,"pre","Yet to play",NA,NA,NA,NA,NA,FALSE,TRUE
493,"Fainu, Samuela","WST","2RF",569300,NA,59.6,NA,NA,298,5,NA,"pre","Yet to play",NA,NA,NA,NA,NA,FALSE,TRUE
409,"Leilua, Luciano","STG","2RF",569300,NA,68.6,NA,NA,343,5,NA,"pre","Yet to play",NA,NA,NA,NA,NA,FALSE,TRUE
186,"Garrick, Reuben","MNL","CTW",568700,NA,39.8,NA,NA,199,5,NA,"pre","Yet to play",NA,NA,NA,NA,NA,FALSE,TRUE
44,"King, Max","BUL","FRF",568300,NA,48,NA,NA,240,5,NA,"pre","Yet to play",NA,NA,NA,NA,NA,FALSE,TRUE
335,"Alamoti, Paul","PTH","CTW",567800,NA,51.2,NA,NA,256,5,NA,"pre","Yet to play",NA,NA,NA,NA,NA,FALSE,TRUE
188,"Hopoate, Lehi","MNL","CTW",567600,NA,46.8,NA,NA,234,5,NA,"pre","Yet to play",NA,NA,NA,NA,NA,FALSE,TRUE
133,"Fermor, Beau","GCT","2RF",567100,NA,55.8,NA,NA,279,5,NA,"pre","Yet to play",NA,NA,NA,NA,NA,FALSE,TRUE
174,"Utoikamanu, Stefano","MEL","FRF",565700,NA,64.4,NA,NA,322,5,NA,"pre","Yet to play",NA,NA,NA,NA,NA,FALSE,TRUE
459,"Crichton, Angus","SYD","2RF",565600,NA,43.8,NA,NA,219,5,NA,"pre","Yet to play",NA,NA,NA,NA,NA,FALSE,TRUE
397,"Egan, Dylan","STG","2RF",563500,NA,0,NA,NA,0,5,NA,"pre","Yet to play",NA,NA,NA,NA,NA,FALSE,TRUE
61,"Tuala, Enari","BUL","CTW",563200,NA,40,NA,NA,200,5,NA,"pre","Yet to play",NA,NA,NA,NA,NA,FALSE,TRUE
380,"McInnes, Cameron","SHA","2RF",561400,NA,0,NA,NA,0,5,NA,"pre","Yet to play",NA,NA,NA,NA,NA,FALSE,TRUE
38,"Galvin, Lachlan","BUL","HFB",559700,NA,50.6,NA,NA,253,5,NA,"pre","Yet to play",NA,NA,NA,NA,NA,FALSE,TRUE
106,"Fuller, Trai","DOL","FLB",559400,NA,1.4,NA,NA,7,5,NA,"pre","Bye Next Round","Bye Next Round",NA,NA,NA,NA,FALSE,TRUE
299,"Nicoll-Klokstad, Charnze","NZL","FLB",559300,NA,53.4,NA,NA,267,5,NA,"pre","Yet to play",NA,NA,NA,NA,NA,FALSE,TRUE
366,"Fonua-Blake, Addin","SHA","FRF",558100,NA,55.2,NA,NA,276,5,NA,"pre","Yet to play",NA,NA,NA,NA,NA,FALSE,TRUE
285,"Fisher-Harris, James","NZL","FRF",555600,NA,61,NA,NA,305,5,NA,"pre","Yet to play",NA,NA,NA,NA,NA,FALSE,TRUE
483,"Whyte, Naufahu","SYD","FRF",553800,NA,45.4,NA,NA,227,5,NA,"pre","Yet to play",NA,NA,NA,NA,NA,FALSE,TRUE
377,"Katoa, Sione","SHA","CTW",553300,NA,66,NA,NA,330,5,NA,"pre","Yet to play",NA,NA,NA,NA,NA,FALSE,TRUE
91,"Strange, Ethan","CBR","5/8",552900,NA,55.8,NA,NA,279,5,NA,"pre","Yet to play",NA,NA,NA,NA,NA,FALSE,TRUE
481,"Walker, Sam","SYD","HFB",552700,NA,35.2,NA,NA,176,5,NA,"pre","Yet to play",NA,NA,NA,NA,NA,FALSE,TRUE
425,"Duncan, Tallis","STH","2RF",551800,NA,46.4,NA,NA,232,5,NA,"pre","Yet to play",NA,NA,NA,NA,NA,FALSE,TRUE
330,"Tuilagi, Kelma","PAR","2RF",550700,NA,55.2,NA,NA,276,5,NA,"pre","Yet to play",NA,NA,NA,NA,NA,FALSE,TRUE
261,"Luki, Heilum","NQC","2RF",550100,NA,73.6,NA,NA,368,5,NA,"pre","Yet to play",NA,NA,NA,NA,NA,FALSE,TRUE
168,"Loiero, Trent","MEL","2RF",549500,NA,34.2,NA,NA,171,5,NA,"pre","Yet to play",NA,NA,NA,NA,NA,FALSE,TRUE
35,"Crichton, Stephen","BUL","CTW",548700,NA,41.8,NA,NA,209,5,NA,"pre","Yet to play",NA,NA,NA,NA,NA,FALSE,TRUE
477,"Tupou, Daniel","SYD","CTW",547600,NA,37.4,NA,NA,187,5,NA,"pre","Yet to play",NA,NA,NA,NA,NA,FALSE,TRUE
109,"Katoa, Isaiya","DOL","HFB",546800,NA,50.4,NA,NA,252,5,NA,"pre","Bye Next Round","Bye Next Round",NA,NA,NA,NA,FALSE,TRUE
484,"Wong, Siua","SYD","2RF",546200,NA,49,NA,NA,245,5,NA,"pre","Yet to play",NA,NA,NA,NA,NA,FALSE,TRUE
143,"Kelly, Brian","PAR","CTW",545400,NA,34.4,NA,NA,172,5,NA,"pre","Yet to play",NA,NA,NA,NA,NA,FALSE,TRUE
394,"Cook, Damien","STG","HOK",544400,NA,66.2,NA,NA,331,5,NA,"pre","Yet to play",NA,NA,NA,NA,NA,FALSE,TRUE
422,"Aitken, Euan","STH","2RF",542800,NA,19.8,NA,NA,99,5,NA,"pre","Yet to play",NA,NA,NA,NA,NA,FALSE,TRUE
58,"Thompson, Leo","BUL","FRF",542100,NA,0,NA,NA,0,5,NA,"pre","Yet to play",NA,NA,NA,NA,NA,FALSE,TRUE
292,"Khan-Pereira, Alofiana","NZL","CTW",541800,NA,0,NA,NA,0,5,NA,"pre","Yet to play",NA,NA,NA,NA,NA,FALSE,TRUE
356,"Smith, Lindsay","PTH","FRF",541400,NA,49.8,NA,NA,249,5,NA,"pre","Yet to play",NA,NA,NA,NA,NA,FALSE,TRUE
289,"Harris-Tavita, Chanel","NZL","5/8",539100,NA,18.4,NA,NA,92,5,NA,"pre","Yet to play",NA,NA,NA,NA,NA,FALSE,TRUE
423,"Arrow, Jai","STH","2RF/FRF",538700,NA,0,NA,NA,0,5,NA,"pre","Yet to play",NA,NA,NA,NA,NA,FALSE,TRUE
396,"Couchman, Toby","STG","2RF/FRF",538500,NA,44.8,NA,NA,224,5,NA,"pre","Yet to play",NA,NA,NA,NA,NA,FALSE,TRUE
379,"Kennedy, William","SHA","FLB",538400,NA,66,NA,NA,330,5,NA,"pre","Yet to play",NA,NA,NA,NA,NA,FALSE,TRUE
390,"Trindall, Braydon","SHA","5/8",536200,NA,71.4,NA,NA,357,5,NA,"pre","Yet to play",NA,NA,NA,NA,NA,FALSE,TRUE
210,"Brown, Dylan","NEW","HFB",535300,NA,24,NA,NA,120,5,NA,"pre","Yet to play",NA,NA,NA,NA,NA,FALSE,TRUE
360,"To'o, Brian","PTH",NA,535300,NA,54.4,NA,NA,272,5,NA,"pre","Yet to play",NA,NA,NA,NA,NA,FALSE,TRUE
288,"Halasima, Leka","NZL","2RF",532400,NA,58.6,NA,NA,293,5,NA,"pre","Yet to play",NA,NA,NA,NA,NA,FALSE,TRUE
418,"Suli, Moses","STG","CTW",532300,NA,48.6,NA,NA,243,5,NA,"pre","Yet to play",NA,NA,NA,NA,NA,FALSE,TRUE
426,"Fifita, David","STH","2RF",532200,NA,49.4,NA,NA,247,5,NA,"pre","Yet to play",NA,NA,NA,NA,NA,FALSE,TRUE
130,"Fa'asuamaleaui, Tino","GCT",NA,530100,NA,46.8,NA,NA,234,5,NA,"pre","Yet to play",NA,NA,NA,NA,NA,FALSE,TRUE
308,"Addo-Carr, Josh","PAR","CTW",529800,NA,34.4,NA,NA,172,5,NA,"pre","Yet to play",NA,NA,NA,NA,NA,FALSE,TRUE
277,"Barnett, Mitchell","NZL","FRF",529000,NA,20.6,NA,NA,103,5,NA,"pre","Yet to play",NA,NA,NA,NA,NA,FALSE,TRUE
150,"Sami, Phillip","GCT","CTW",526500,NA,44.4,NA,NA,222,5,NA,"pre","Yet to play",NA,NA,NA,NA,NA,FALSE,TRUE
359,"Talagi, Blaize","PTH","5/8",525500,NA,50.2,NA,NA,251,5,NA,"pre","Yet to play",NA,NA,NA,NA,NA,FALSE,TRUE
421,"Tuipulotu, Christian","STG","CTW",523800,NA,44,NA,NA,220,5,NA,"pre","Yet to play",NA,NA,NA,NA,NA,FALSE,TRUE
1,"Anderson, Grant","BRO","CTW",523400,NA,8.6,NA,NA,43,5,NA,"pre","Yet to play",NA,NA,NA,NA,NA,FALSE,TRUE
388,"Stonestreet, Sam","SHA","CTW",523300,NA,55.2,NA,NA,276,5,NA,"pre","Yet to play",NA,NA,NA,NA,NA,FALSE,TRUE
482,"Watson, Connor","SYD","2RF/HOK",523000,NA,38.6,NA,NA,193,5,NA,"pre","Yet to play",NA,NA,NA,NA,NA,FALSE,TRUE
304,"Tuaupiki, Taine","NZL","CTW/FLB",522700,NA,44.8,NA,NA,224,5,NA,"pre","Yet to play",NA,NA,NA,NA,NA,FALSE,TRUE
13,"Mam, Ezra","BRO","5/8",522500,NA,53,NA,NA,265,5,NA,"pre","Yet to play",NA,NA,NA,NA,NA,FALSE,TRUE
236,"Schiller, James","NEW","CTW",521800,NA,0,NA,NA,0,5,NA,"pre","Yet to play",NA,NA,NA,NA,NA,FALSE,TRUE
144,"Kini, Keano","GCT","FLB",520300,NA,56.2,NA,NA,281,5,NA,"pre","Yet to play",NA,NA,NA,NA,NA,FALSE,TRUE
155,"Blore, Shawn","MEL","2RF",519600,NA,0,NA,NA,0,5,NA,"pre","Yet to play",NA,NA,NA,NA,NA,FALSE,TRUE
382,"Nikora, Briton","SHA","2RF",519200,NA,36.8,NA,NA,184,5,NA,"pre","Yet to play",NA,NA,NA,NA,NA,FALSE,TRUE
416,"Stewart, Hamish","STG","2RF",519200,NA,62,NA,NA,310,5,NA,"pre","Yet to play",NA,NA,NA,NA,NA,FALSE,TRUE
72,"Horsburgh, Corey","CBR","2RF/FRF",518800,NA,53.4,NA,NA,267,5,NA,"pre","Yet to play",NA,NA,NA,NA,NA,FALSE,TRUE
314,"Hopgood, J'maine","PAR",NA,517900,NA,12.6,NA,NA,63,5,NA,"pre","Yet to play",NA,NA,NA,NA,NA,FALSE,TRUE
392,"Wilton, Teig","SHA","2RF",516400,NA,32.2,NA,NA,161,5,NA,"pre","Yet to play",NA,NA,NA,NA,NA,FALSE,TRUE
310,"de Belin, Jack","PAR",NA,514100,NA,17,NA,NA,85,5,NA,"pre","Yet to play",NA,NA,NA,NA,NA,FALSE,TRUE
499,"Koroisau, Apisai","WST","HOK",513200,NA,40.6,NA,NA,203,5,NA,"pre","Yet to play",NA,NA,NA,NA,NA,FALSE,TRUE
328,"Simonsson, Bailey","PAR","CTW",512600,NA,57.4,NA,NA,287,5,NA,"pre","Yet to play",NA,NA,NA,NA,NA,FALSE,TRUE
473,"Smith, Billy","SYD","CTW",512000,NA,19.8,NA,NA,99,5,NA,"pre","Yet to play",NA,NA,NA,NA,NA,FALSE,TRUE
265,"Nanai, Jeremiah","NQC","2RF",510900,NA,0,NA,NA,0,5,NA,"pre","Yet to play",NA,NA,NA,NA,NA,FALSE,TRUE
65,"Xerri, Bronson","BUL","CTW",509800,NA,9.6,NA,NA,48,5,NA,"pre","Yet to play",NA,NA,NA,NA,NA,FALSE,TRUE
99,"Bostock, Jack","DOL","CTW",506300,NA,0,NA,NA,0,5,NA,"pre","Bye Next Round","Bye Next Round",NA,NA,NA,NA,FALSE,TRUE
364,"Burns, Billy","SHA","2RF",505700,NA,57.6,NA,NA,288,5,NA,"pre","Yet to play",NA,NA,NA,NA,NA,FALSE,TRUE
23,"Shibasaki, Gehamat","BRO","CTW",503600,NA,28.4,NA,NA,142,5,NA,"pre","Yet to play",NA,NA,NA,NA,NA,FALSE,TRUE
358,"Tago, Izack","PTH","CTW",503600,NA,0,NA,NA,0,5,NA,"pre","Yet to play",NA,NA,NA,NA,NA,FALSE,TRUE
142,"Jolliffe, Jaimin","GCT","FRF",502800,NA,0,NA,NA,0,5,NA,"pre","Yet to play",NA,NA,NA,NA,NA,FALSE,TRUE
324,"Penisini, Will","PAR","CTW",498700,NA,11.4,NA,NA,57,5,NA,"pre","Yet to play",NA,NA,NA,NA,NA,FALSE,TRUE
140,"Hau, Arama","GCT","2RF/FRF",498400,NA,68.8,NA,NA,344,5,NA,"pre","Yet to play",NA,NA,NA,NA,NA,FALSE,TRUE
100,"Cobbo, Selwyn","DOL","CTW",498300,NA,49.2,NA,NA,246,5,NA,"pre","Bye Next Round","Bye Next Round",NA,NA,NA,NA,FALSE,TRUE
212,"Croker, Matt","NEW","2RF/FRF",497800,NA,54.6,NA,NA,273,5,NA,"pre","Yet to play",NA,NA,NA,NA,NA,FALSE,TRUE
470,"Robson, Reece","SYD","HOK",497400,NA,23.4,NA,NA,117,5,NA,"pre","Yet to play",NA,NA,NA,NA,NA,FALSE,TRUE
101,"Donoghoe, Kurt","DOL","2RF/HOK",497000,NA,2.4,NA,NA,12,5,NA,"pre","Bye Next Round","Bye Next Round",NA,NA,NA,NA,FALSE,TRUE
107,"Gilbert, Tom","DOL","2RF/FRF",496500,NA,51,NA,NA,255,5,NA,"pre","Bye Next Round","Bye Next Round",NA,NA,NA,NA,FALSE,TRUE
305,"Tuivasa-Sheck, Roger","NZL","CTW",496500,NA,46,NA,NA,230,5,NA,"pre","Yet to play",NA,NA,NA,NA,NA,FALSE,TRUE
117,"Nikorima, Kodi","DOL","5/8",496100,NA,43,NA,NA,215,5,NA,"pre","Bye Next Round","Bye Next Round",NA,NA,NA,NA,FALSE,TRUE
238,"Smith, Sandon","NEW","5/8/HOK",494400,NA,52.4,NA,NA,262,5,NA,"pre","Yet to play",NA,NA,NA,NA,NA,FALSE,TRUE
515,"Skelton, Jeral","WST","CTW",494200,NA,25.8,NA,NA,129,5,NA,"pre","Yet to play",NA,NA,NA,NA,NA,FALSE,TRUE
283,"Egan, Wayde","NZL","HOK",492800,NA,49.4,NA,NA,247,5,NA,"pre","Yet to play",NA,NA,NA,NA,NA,FALSE,TRUE
518,"Turuva, Sunia","WST","CTW",492500,NA,45.6,NA,NA,228,5,NA,"pre","Yet to play",NA,NA,NA,NA,NA,FALSE,TRUE
321,"Moses, Mitchell","PAR","HFB",491100,NA,50.2,NA,NA,251,5,NA,"pre","Yet to play",NA,NA,NA,NA,NA,FALSE,TRUE
414,"Sloan, Tyrell","STG","CTW",486500,NA,9.2,NA,NA,46,5,NA,"pre","Yet to play",NA,NA,NA,NA,NA,FALSE,TRUE
12,"Karapani, Josiah","BRO","CTW",486400,NA,27.6,NA,NA,138,5,NA,"pre","Yet to play",NA,NA,NA,NA,NA,FALSE,TRUE
233,"Saifiti, Jacob","NEW","FRF",484500,NA,58,NA,NA,290,5,NA,"pre","Yet to play",NA,NA,NA,NA,NA,FALSE,TRUE
73,"Hosking, Zac","CBR","2RF",484400,NA,44.6,NA,NA,223,5,NA,"pre","Yet to play",NA,NA,NA,NA,NA,FALSE,TRUE
517,"To'a, Starford","WST",NA,484300,NA,0,NA,NA,0,5,NA,"pre","Yet to play",NA,NA,NA,NA,NA,FALSE,TRUE
49,"Montoya, Marcelo","BUL","CTW",481400,NA,45.8,NA,NA,229,5,NA,"pre","Yet to play",NA,NA,NA,NA,NA,FALSE,TRUE
323,"Paulo, Junior","PAR","FRF",481100,NA,48.8,NA,NA,244,5,NA,"pre","Yet to play",NA,NA,NA,NA,NA,FALSE,TRUE
468,"Radley, Victor","SYD","2RF",480700,NA,0,NA,NA,0,5,NA,"pre","Yet to play",NA,NA,NA,NA,NA,FALSE,TRUE
216,"Frizell, Tyson","NEW","2RF/FRF",480600,NA,56,NA,NA,280,5,NA,"pre","Yet to play",NA,NA,NA,NA,NA,FALSE,TRUE
402,"Gutherson, Clint","STG","FLB",480500,NA,38.4,NA,NA,192,5,NA,"pre","Yet to play",NA,NA,NA,NA,NA,FALSE,TRUE
78,"Martin, Noah","CBR","2RF",477600,NA,75.8,NA,NA,379,5,NA,"pre","Yet to play",NA,NA,NA,NA,NA,FALSE,TRUE
249,"Derby, Robert","NQC","CTW",477500,NA,0,NA,NA,0,5,NA,"pre","Yet to play",NA,NA,NA,NA,NA,FALSE,TRUE
154,"Verrills, Sam","GCT","HOK",476600,NA,48.4,NA,NA,242,5,NA,"pre","Yet to play",NA,NA,NA,NA,NA,FALSE,TRUE
274,"Vailea, Viliami","NQC","CTW",476400,NA,0,NA,NA,0,5,NA,"pre","Yet to play",NA,NA,NA,NA,NA,FALSE,TRUE
231,"Mooney, Trey","NEW","2RF/FRF",475700,NA,48.2,NA,NA,241,5,NA,"pre","Yet to play",NA,NA,NA,NA,NA,FALSE,TRUE
350,"Martin, Liam","PTH","2RF",473800,NA,30.8,NA,NA,154,5,NA,"pre","Yet to play",NA,NA,NA,NA,NA,FALSE,TRUE
119,"Plath, Max","DOL","2RF/HOK",472100,NA,35.8,NA,NA,179,5,NA,"pre","Bye Next Round","Bye Next Round",NA,NA,NA,NA,FALSE,TRUE
39,"Hayes, Harry","BUL","2RF",471300,NA,20.2,NA,NA,101,5,NA,"pre","Yet to play",NA,NA,NA,NA,NA,FALSE,TRUE
170,"Meaney, Nick","MEL","CTW",470100,NA,29.6,NA,NA,148,5,NA,"pre","Yet to play",NA,NA,NA,NA,NA,FALSE,TRUE
406,"King-Togia, Lyhkan","STG","5/8",470000,NA,7.8,NA,NA,39,5,NA,"pre","Yet to play",NA,NA,NA,NA,NA,FALSE,TRUE
134,"Fifita, Jojo","GCT","CTW",469800,NA,50.2,NA,NA,251,5,NA,"pre","Yet to play",NA,NA,NA,NA,NA,FALSE,TRUE
87,"Savage, Xavier","CBR","CTW",467000,NA,57,NA,NA,285,5,NA,"pre","Yet to play",NA,NA,NA,NA,NA,FALSE,TRUE
126,"Brimson, Alexander","GCT","5/8",466500,NA,34.6,NA,NA,173,5,NA,"pre","Yet to play",NA,NA,NA,NA,NA,FALSE,TRUE
502,"Luai, Jarome","WST","5/8",465700,NA,35.6,NA,NA,178,5,NA,"pre","Yet to play",NA,NA,NA,NA,NA,FALSE,TRUE
75,"Laurie, Daine","CBR","FLB",465100,NA,0,NA,NA,0,5,NA,"pre","Yet to play",NA,NA,NA,NA,NA,FALSE,TRUE
199,"Taukei'aho, Siua","MNL",NA,464800,NA,2.6,NA,NA,13,5,NA,"pre","Yet to play",NA,NA,NA,NA,NA,FALSE,TRUE
449,"Tatola, Tevita","STH","FRF",464300,NA,42.2,NA,NA,211,5,NA,"pre","Yet to play",NA,NA,NA,NA,NA,FALSE,TRUE
386,"Ramien, Jesse","SHA","CTW",462900,NA,54.6,NA,NA,273,5,NA,"pre","Yet to play",NA,NA,NA,NA,NA,FALSE,TRUE
230,"McEwen, Jermaine","NEW","2RF",462500,NA,52.2,NA,NA,261,5,NA,"pre","Yet to play",NA,NA,NA,NA,NA,FALSE,TRUE
273,"Taumalolo, Jason","NQC","FRF",461600,NA,51,NA,NA,255,5,NA,"pre","Yet to play",NA,NA,NA,NA,NA,FALSE,TRUE
183,"Faulalo, Clayton","MNL","CTW",460900,NA,4.6,NA,NA,23,5,NA,"pre","Yet to play",NA,NA,NA,NA,NA,FALSE,TRUE
74,"Kris, Sebastian","CBR","CTW",460700,NA,44.6,NA,NA,223,5,NA,"pre","Yet to play",NA,NA,NA,NA,NA,FALSE,TRUE
160,"Howarth, Jack","MEL","CTW",459800,NA,40.2,NA,NA,201,5,NA,"pre","Yet to play",NA,NA,NA,NA,NA,FALSE,TRUE
326,"Russell, Sean","PAR","CTW",458200,NA,53.2,NA,NA,266,5,NA,"pre","Yet to play",NA,NA,NA,NA,NA,FALSE,TRUE
62,"Tupouniua, Sitili","BUL","2RF/FRF",454100,NA,41.8,NA,NA,209,5,NA,"pre","Yet to play",NA,NA,NA,NA,NA,FALSE,TRUE
346,"Henry, Liam","PTH","FRF/2RF",452300,NA,0,NA,NA,0,5,NA,"pre","Yet to play",NA,NA,NA,NA,NA,FALSE,TRUE
472,"Savala, Hugo","SYD","5/8/HFB",452300,NA,2.8,NA,NA,14,5,NA,"pre","Yet to play",NA,NA,NA,NA,NA,FALSE,TRUE
294,"Leiataua, Ali","NZL","CTW",452200,NA,29,NA,NA,145,5,NA,"pre","Yet to play",NA,NA,NA,NA,NA,FALSE,TRUE
401,"Guler, Emre","STG","FRF",451500,NA,50.2,NA,NA,251,5,NA,"pre","Yet to play",NA,NA,NA,NA,NA,FALSE,TRUE
11,"Jensen, Corey","BRO","FRF",450700,NA,47.2,NA,NA,236,5,NA,"pre","Yet to play",NA,NA,NA,NA,NA,FALSE,TRUE
344,"Garner, Luke","PTH","2RF",449800,NA,48.6,NA,NA,243,5,NA,"pre","Yet to play",NA,NA,NA,NA,NA,FALSE,TRUE
349,"Leota, Moses","PTH","FRF",449000,NA,44.6,NA,NA,223,5,NA,"pre","Yet to play",NA,NA,NA,NA,NA,FALSE,TRUE
30,"Willison, Xavier","BRO","2RF/FRF",445300,NA,47,NA,NA,235,5,NA,"pre","Yet to play",NA,NA,NA,NA,NA,FALSE,TRUE
307,"Watene-Zelezniak, Dallin","NZL","CTW",444000,NA,53.8,NA,NA,269,5,NA,"pre","Yet to play",NA,NA,NA,NA,NA,FALSE,TRUE
247,"Cotter, Reuben","NQC","2RF",440400,NA,32.4,NA,NA,162,5,NA,"pre","Yet to play",NA,NA,NA,NA,NA,FALSE,TRUE
280,"Capewell, Kurt","NZL","2RF",440100,NA,16,NA,NA,80,5,NA,"pre","Yet to play",NA,NA,NA,NA,NA,FALSE,TRUE
439,"Mamouzelos, Peter","STH","HOK",439300,NA,34.6,NA,NA,173,5,NA,"pre","Yet to play",NA,NA,NA,NA,NA,FALSE,TRUE
165,"King, Josh","MEL","FRF",438700,NA,46.8,NA,NA,234,5,NA,"pre","Yet to play",NA,NA,NA,NA,NA,FALSE,TRUE
365,"Colquhoun, Jesse","SHA","2RF/FRF",438400,NA,53.2,NA,NA,266,5,NA,"pre","Yet to play",NA,NA,NA,NA,NA,FALSE,TRUE
430,"Graham, Campbell","STH","CTW",437900,NA,29.6,NA,NA,148,5,NA,"pre","Yet to play",NA,NA,NA,NA,NA,FALSE,TRUE
333,"Walker, Dylan","PAR","2RF",433500,NA,46.2,NA,NA,231,5,NA,"pre","Yet to play",NA,NA,NA,NA,NA,FALSE,TRUE
442,"Munro, Tyrone","STH","CTW",431900,NA,0,NA,NA,0,5,NA,"pre","Yet to play",NA,NA,NA,NA,NA,FALSE,TRUE
135,"Fotuaika, Moeaki","GCT","FRF",429500,NA,41,NA,NA,205,5,NA,"pre","Yet to play",NA,NA,NA,NA,NA,FALSE,TRUE
36,"Curran, Joshua","BUL","2RF/FRF",428500,NA,11.8,NA,NA,59,5,NA,"pre","Yet to play",NA,NA,NA,NA,NA,FALSE,TRUE
178,"Brooks, Luke","MNL","5/8",428400,NA,35,NA,NA,175,5,NA,"pre","Yet to play",NA,NA,NA,NA,NA,FALSE,TRUE
456,"Butcher, Nat","SYD","2RF",426300,NA,41,NA,NA,205,5,NA,"pre","Yet to play",NA,NA,NA,NA,NA,FALSE,TRUE
263,"McIntyre, Sam","NQC","2RF/FRF",426200,NA,48,NA,NA,240,5,NA,"pre","Yet to play",NA,NA,NA,NA,NA,FALSE,TRUE
2,"Arthars, Jesse","BRO","CTW",425900,NA,14,NA,NA,70,5,NA,"pre","Yet to play",NA,NA,NA,NA,NA,FALSE,TRUE
453,"Wighton, Jack","STH","CTW",425800,NA,34.6,NA,NA,173,5,NA,"pre","Yet to play",NA,NA,NA,NA,NA,FALSE,TRUE
213,"Crossland, Phoenix","NEW","HOK",424600,NA,50.2,NA,NA,251,5,NA,"pre","Yet to play",NA,NA,NA,NA,NA,FALSE,TRUE
149,"Randall, Chris","GCT","2RF",423600,NA,41.8,NA,NA,209,5,NA,"pre","Yet to play",NA,NA,NA,NA,NA,FALSE,TRUE
259,"Laybutt, Zac","NQC","CTW",423300,NA,11.6,NA,NA,58,5,NA,"pre","Yet to play",NA,NA,NA,NA,NA,FALSE,TRUE
432,"Hubner, Lachlan","STH","2RF",422900,NA,21.8,NA,NA,109,5,NA,"pre","Yet to play",NA,NA,NA,NA,NA,FALSE,TRUE
203,"Waddell, Corey","MNL","2RF",422800,NA,25.6,NA,NA,128,5,NA,"pre","Yet to play",NA,NA,NA,NA,NA,FALSE,TRUE
451,"Walker, Cody","STH","5/8",422700,NA,46,NA,NA,230,5,NA,"pre","Yet to play",NA,NA,NA,NA,NA,FALSE,TRUE
112,"Knowles, Morgan","DOL","2RF",422100,NA,46.6,NA,NA,233,5,NA,"pre","Bye Next Round","Bye Next Round",NA,NA,NA,NA,FALSE,TRUE
544,"Stuart, Jed","CBR","CTW",422000,NA,0,NA,NA,0,5,NA,"pre","Yet to play",NA,NA,NA,NA,NA,FALSE,TRUE
187,"Hetherington, Kobe","MNL","2RF/FRF",421600,NA,34.8,NA,NA,174,5,NA,"pre","Yet to play",NA,NA,NA,NA,NA,FALSE,TRUE
89,"Starling, Tom","CBR","HOK",421200,NA,40,NA,NA,200,5,NA,"pre","Yet to play",NA,NA,NA,NA,NA,FALSE,TRUE
467,"Pauga, Fetalagia","SYD","CTW",420600,NA,26.6,NA,NA,133,5,NA,"pre","Yet to play",NA,NA,NA,NA,NA,FALSE,TRUE
115,"Molo, Francis","DOL","FRF",419900,NA,15,NA,NA,75,5,NA,"pre","Bye Next Round","Bye Next Round",NA,NA,NA,NA,FALSE,TRUE
181,"Bullemor, Ethan","MNL","FRF",419200,NA,23,NA,NA,115,5,NA,"pre","Yet to play",NA,NA,NA,NA,NA,FALSE,TRUE
555,"Buchanan, Hayden","STG","CTW",417000,NA,5.2,NA,NA,26,5,NA,"pre","Yet to play",NA,NA,NA,NA,NA,FALSE,TRUE
81,"Papalii, Josh","CBR","FRF",414700,NA,17.6,NA,NA,88,5,NA,"pre","Yet to play",NA,NA,NA,NA,NA,FALSE,TRUE
458,"Collins, Lindsay","SYD","FRF",411800,NA,36.2,NA,NA,181,5,NA,"pre","Yet to play",NA,NA,NA,NA,NA,FALSE,TRUE
14,"Mariner, Deine","BRO","CTW",410600,NA,35,NA,NA,175,5,NA,"pre","Yet to play",NA,NA,NA,NA,NA,FALSE,TRUE
348,"Kenny, Mitchell","PTH","HOK",410400,NA,30.8,NA,NA,154,5,NA,"pre","Yet to play",NA,NA,NA,NA,NA,FALSE,TRUE
319,"Matterson, Ryan","PAR","2RF",407300,NA,0,NA,NA,0,5,NA,"pre","Yet to play",NA,NA,NA,NA,NA,FALSE,TRUE
29,"Walters, Billy","BRO","HOK/5/8",406300,NA,0,NA,NA,0,5,NA,"pre","Yet to play",NA,NA,NA,NA,NA,FALSE,TRUE
524,"Elliott, Adam","STH","2RF",404900,NA,0,NA,NA,0,5,NA,"pre","Yet to play",NA,NA,NA,NA,NA,FALSE,TRUE
313,"Guymer, Charlie","PAR","2RF",404000,NA,10.6,NA,NA,53,5,NA,"pre","Yet to play",NA,NA,NA,NA,NA,FALSE,TRUE
198,"Simpkin, Jake","MNL","HOK",402700,NA,34.8,NA,NA,174,5,NA,"pre","Yet to play",NA,NA,NA,NA,NA,FALSE,TRUE
222,"Hunt, Fletcher","NEW","CTW/FLB",401800,NA,46,NA,NA,230,5,NA,"pre","Yet to play",NA,NA,NA,NA,NA,FALSE,TRUE
132,"Feagai, Max","GCT","CTW",400300,NA,18.6,NA,NA,93,5,NA,"pre","Yet to play",NA,NA,NA,NA,NA,FALSE,TRUE
268,"Paulo, Jaxson","NQC","CTW",397000,NA,0,NA,NA,0,5,NA,"pre","Yet to play",NA,NA,NA,NA,NA,FALSE,TRUE
370,"Hazelton, Thomas","SHA","FRF",396200,NA,39,NA,NA,195,5,NA,"pre","Yet to play",NA,NA,NA,NA,NA,FALSE,TRUE
196,"Saab, Jason","MNL","CTW",396200,NA,15.6,NA,NA,78,5,NA,"pre","Yet to play",NA,NA,NA,NA,NA,FALSE,TRUE
138,"Haas, Klese","GCT","2RF",394600,NA,41,NA,NA,205,5,NA,"pre","Yet to play",NA,NA,NA,NA,NA,FALSE,TRUE
410,"Liddle, Jacob","STG","HOK",394100,NA,15.8,NA,NA,79,5,NA,"pre","Yet to play",NA,NA,NA,NA,NA,FALSE,TRUE
53,"Rinakama, Jethro","BUL","CTW",391200,NA,0,NA,NA,0,5,NA,"pre","Yet to play",NA,NA,NA,NA,NA,FALSE,TRUE
329,"Smith, Ryley","PAR","HOK",390700,NA,43.2,NA,NA,216,5,NA,"pre","Yet to play",NA,NA,NA,NA,NA,FALSE,TRUE
194,"Paseka, Taniela","MNL","FRF",389400,NA,41.8,NA,NA,209,5,NA,"pre","Yet to play",NA,NA,NA,NA,NA,FALSE,TRUE
511,"Pole, Fonua","WST","FRF",388200,NA,29,NA,NA,145,5,NA,"pre","Yet to play",NA,NA,NA,NA,NA,FALSE,TRUE
251,"Edwards, Harrison","NQC","2RF/HOK",387900,NA,2.6,NA,NA,13,5,NA,"pre","Yet to play",NA,NA,NA,NA,NA,FALSE,TRUE
400,"Flanagan, Kyle","STG","5/8",386500,NA,22.8,NA,NA,114,5,NA,"pre","Yet to play",NA,NA,NA,NA,NA,FALSE,TRUE
111,"Keeley, Oryn","DOL","2RF",385200,NA,23.6,NA,NA,118,5,NA,"pre","Bye Next Round","Bye Next Round",NA,NA,NA,NA,FALSE,TRUE
492,"Fainu, Latu","WST","HFB",384200,NA,6.6,NA,NA,33,5,NA,"pre","Yet to play",NA,NA,NA,NA,NA,FALSE,TRUE
207,"Wilson, Blake","MNL","CTW",381400,NA,0,NA,NA,0,5,NA,"pre","Yet to play",NA,NA,NA,NA,NA,FALSE,TRUE
88,"Smithies, Morgan","CBR","2RF",380900,NA,40.4,NA,NA,202,5,NA,"pre","Yet to play",NA,NA,NA,NA,NA,FALSE,TRUE
357,"Sorensen, Scott","PTH","2RF",380400,NA,31,NA,NA,155,5,NA,"pre","Yet to play",NA,NA,NA,NA,NA,FALSE,TRUE
293,"Laban, Jacob","NZL","2RF",377900,NA,40.6,NA,NA,203,5,NA,"pre","Yet to play",NA,NA,NA,NA,NA,FALSE,TRUE
339,"Cole, Jack","PTH","5/8",377200,NA,0,NA,NA,0,5,NA,"pre","Yet to play",NA,NA,NA,NA,NA,FALSE,TRUE
455,"Butcher, Egan","SYD","2RF",374200,NA,25,NA,NA,125,5,NA,"pre","Yet to play",NA,NA,NA,NA,NA,FALSE,TRUE
503,"Madden, Jock","WST","HFB",374000,NA,26,NA,NA,130,5,NA,"pre","Yet to play",NA,NA,NA,NA,NA,FALSE,TRUE
433,"Humphreys, Jamie","STH","HFB",370500,NA,12.4,NA,NA,62,5,NA,"pre","Yet to play",NA,NA,NA,NA,NA,FALSE,TRUE
448,"Tass, Isaiah","STH","CTW",369900,NA,0,NA,NA,0,5,NA,"pre","Yet to play",NA,NA,NA,NA,NA,FALSE,TRUE
229,"McCarthy, Kyle","NEW","CTW",369300,NA,0,NA,NA,0,5,NA,"pre","Yet to play",NA,NA,NA,NA,NA,FALSE,TRUE
262,"Mahoney, Reed","NQC","HOK",369000,NA,40.2,NA,NA,201,5,NA,"pre","Yet to play",NA,NA,NA,NA,NA,FALSE,TRUE
16,"Paix, Cory","BRO","HOK",366500,NA,37.4,NA,NA,187,5,NA,"pre","Yet to play",NA,NA,NA,NA,NA,FALSE,TRUE
9,"Hunt, Ben","BRO","HOK",366000,NA,29.2,NA,NA,146,5,NA,"pre","Yet to play",NA,NA,NA,NA,NA,FALSE,TRUE
325,"Pezet, Jonah","PAR","5/8",363900,NA,43,NA,NA,215,5,NA,"pre","Yet to play",NA,NA,NA,NA,NA,FALSE,TRUE
266,"Neame, Griffin","NQC","FRF",362200,NA,34,NA,NA,170,5,NA,"pre","Yet to play",NA,NA,NA,NA,NA,FALSE,TRUE
71,"Finau, Sione","CBR","CTW",361400,NA,0,NA,NA,0,5,NA,"pre","Yet to play",NA,NA,NA,NA,NA,FALSE,TRUE
253,"Hess, Coen","NQC","2RF/FRF",360600,NA,35.8,NA,NA,179,5,NA,"pre","Yet to play",NA,NA,NA,NA,NA,FALSE,TRUE
302,"Pompey, Adam","NZL","CTW",360500,NA,26.6,NA,NA,133,5,NA,"pre","Yet to play",NA,NA,NA,NA,NA,FALSE,TRUE
303,"Stowers-Smith, Tanner","NZL","FRF",359500,NA,34.2,NA,NA,171,5,NA,"pre","Yet to play",NA,NA,NA,NA,NA,FALSE,TRUE
523,"Moale, Davvy","MEL","FRF",358800,NA,6.8,NA,NA,34,5,NA,"pre","Yet to play",NA,NA,NA,NA,NA,FALSE,TRUE
6,"Gosiewski, Jack","BRO","2RF",357600,NA,9.4,NA,NA,47,5,NA,"pre","Yet to play",NA,NA,NA,NA,NA,FALSE,TRUE
245,"Chester, Tom","NQC","CTW/FLB",356700,NA,47.4,NA,NA,237,5,NA,"pre","Yet to play",NA,NA,NA,NA,NA,FALSE,TRUE
306,"Vaimauga, Demitric","NZL","2RF/FRF",356400,NA,24.8,NA,NA,124,5,NA,"pre","Yet to play",NA,NA,NA,NA,NA,FALSE,TRUE
300,"Niukore, Marata","NZL","2RF/FRF",355800,NA,20.2,NA,NA,101,5,NA,"pre","Yet to play",NA,NA,NA,NA,NA,FALSE,TRUE
464,"Leniu, Spencer","SYD","FRF",355100,NA,0,NA,NA,0,5,NA,"pre","Yet to play",NA,NA,NA,NA,NA,FALSE,TRUE
48,"Mann, Kurt","BUL","2RF",355100,NA,28.8,NA,NA,144,5,NA,"pre","Yet to play",NA,NA,NA,NA,NA,FALSE,TRUE
526,"Talau, Tommy","SYD","CTW",355100,NA,0,NA,NA,0,5,NA,"pre","Yet to play",NA,NA,NA,NA,NA,FALSE,TRUE
40,"Hayward, Bailey","BUL","HOK",354800,NA,34,NA,NA,170,5,NA,"pre","Yet to play",NA,NA,NA,NA,NA,FALSE,TRUE
437,"Kosi, Edward","STH","CTW",354000,NA,0,NA,NA,0,5,NA,"pre","Yet to play",NA,NA,NA,NA,NA,FALSE,TRUE
474,"Steep, Blake","SYD","2RF",352600,NA,15,NA,NA,75,5,NA,"pre","Yet to play",NA,NA,NA,NA,NA,FALSE,TRUE
201,"Trbojevic, Jake","MNL","2RF",352600,NA,29.6,NA,NA,148,5,NA,"pre","Yet to play",NA,NA,NA,NA,NA,FALSE,TRUE
547,"Graham-Taufa, Moala","STH","CTW",352000,NA,3.8,NA,NA,19,5,NA,"pre","Yet to play",NA,NA,NA,NA,NA,FALSE,TRUE
501,"Laulilii, Luke","WST","CTW",351300,NA,44.4,NA,NA,222,5,NA,"pre","Yet to play",NA,NA,NA,NA,NA,FALSE,TRUE
105,"Flegler, Thomas","DOL","FRF",350600,NA,31.6,NA,NA,158,5,NA,"pre","Bye Next Round","Bye Next Round",NA,NA,NA,NA,FALSE,TRUE
54,"Salmon, Jaeman","BUL","2RF",350600,NA,35.6,NA,NA,178,5,NA,"pre","Yet to play",NA,NA,NA,NA,NA,FALSE,TRUE
320,"Moretti, Luca","PAR","2RF",350400,NA,10.8,NA,NA,54,5,NA,"pre","Yet to play",NA,NA,NA,NA,NA,FALSE,TRUE
287,"Gannon, Morgan","NZL","2RF",350000,NA,0.4,NA,NA,2,5,NA,"pre","Yet to play",NA,NA,NA,NA,NA,FALSE,TRUE
514,"Seyfarth, Alex","WST","2RF",349200,NA,15.6,NA,NA,78,5,NA,"pre","Yet to play",NA,NA,NA,NA,NA,FALSE,TRUE
435,"Keppie, Sean","STH","FRF",348400,NA,15.2,NA,NA,76,5,NA,"pre","Yet to play",NA,NA,NA,NA,NA,FALSE,TRUE
452,"Ward, Ashton","STH","HFB",346200,NA,2.2,NA,NA,11,5,NA,"pre","Yet to play",NA,NA,NA,NA,NA,FALSE,TRUE
42,"Hughes, Samuel","BUL","FRF",345300,NA,11.4,NA,NA,57,5,NA,"pre","Yet to play",NA,NA,NA,NA,NA,FALSE,TRUE
494,"Fainu, Sione","WST","FRF/2RF",342300,NA,30.6,NA,NA,153,5,NA,"pre","Yet to play",NA,NA,NA,NA,NA,FALSE,TRUE
327,"Samrani, Jordan","PAR","2RF/CTW",342300,NA,13.4,NA,NA,67,5,NA,"pre","Yet to play",NA,NA,NA,NA,NA,FALSE,TRUE
291,"Ieremia-Toeava, Eddie","NZL","2RF",339500,NA,0,NA,NA,0,5,NA,"pre","Yet to play",NA,NA,NA,NA,NA,FALSE,TRUE
368,"Uele, Braden","SHA","FRF",339000,NA,7.8,NA,NA,39,5,NA,"pre","Yet to play",NA,NA,NA,NA,NA,FALSE,TRUE
146,"Morrin, Kurtis","GCT","2RF/FRF",337500,NA,37.4,NA,NA,187,5,NA,"pre","Yet to play",NA,NA,NA,NA,NA,FALSE,TRUE
224,"Jones, Brodie","NEW","2RF/FRF",336200,NA,0,NA,NA,0,5,NA,"pre","Yet to play",NA,NA,NA,NA,NA,FALSE,TRUE
331,"Tuivaiti, Sam","PAR","2RF/FRF",336200,NA,32.6,NA,NA,163,5,NA,"pre","Yet to play",NA,NA,NA,NA,NA,FALSE,TRUE
395,"Couchman, Ryan","STG","2RF",335100,NA,39.8,NA,NA,199,5,NA,"pre","Yet to play",NA,NA,NA,NA,NA,FALSE,TRUE
85,"Sanders, Ethan","CBR","HFB",335100,NA,48.2,NA,NA,241,5,NA,"pre","Yet to play",NA,NA,NA,NA,NA,FALSE,TRUE
403,"Halangahu, Jacob","STG","2RF",334800,NA,4.6,NA,NA,23,5,NA,"pre","Yet to play",NA,NA,NA,NA,NA,FALSE,TRUE
260,"Lodge, Matthew","NQC","FRF",333900,NA,22.6,NA,NA,113,5,NA,"pre","Yet to play",NA,NA,NA,NA,NA,FALSE,TRUE
387,"Rudolf, Toby","SHA","FRF",333200,NA,35.4,NA,NA,177,5,NA,"pre","Yet to play",NA,NA,NA,NA,NA,FALSE,TRUE
504,"Makasini, Heamasi","WST","CTW",332700,NA,38.4,NA,NA,192,5,NA,"pre","Yet to play",NA,NA,NA,NA,NA,FALSE,TRUE
278,"Berry, Rocco","NZL","CTW",332500,NA,0,NA,NA,0,5,NA,"pre","Yet to play",NA,NA,NA,NA,NA,FALSE,TRUE
169,"MacDonald, Alec","MEL","2RF/FRF",330900,NA,25,NA,NA,125,5,NA,"pre","Yet to play",NA,NA,NA,NA,NA,FALSE,TRUE
211,"Cant, Thomas","NEW","2RF",329900,NA,12.6,NA,NA,63,5,NA,"pre","Yet to play",NA,NA,NA,NA,NA,FALSE,TRUE
407,"Lawrie, Blake","STG","FRF",329000,NA,25,NA,NA,125,5,NA,"pre","Yet to play",NA,NA,NA,NA,NA,FALSE,TRUE
405,"Kerr, Josh","STG","FRF",328900,NA,24.8,NA,NA,124,5,NA,"pre","Yet to play",NA,NA,NA,NA,NA,FALSE,TRUE
411,"Pasifiki Tonga, Loko","STG",NA,328600,NA,0,NA,NA,0,5,NA,"pre","Yet to play",NA,NA,NA,NA,NA,FALSE,TRUE
123,"Stone, Ray","DOL","2RF",328100,NA,22.8,NA,NA,114,5,NA,"pre","Bye Next Round","Bye Next Round",NA,NA,NA,NA,FALSE,TRUE
26,"Tawha, Aublix","BRO","FRF",325500,NA,14.2,NA,NA,71,5,NA,"pre","Yet to play",NA,NA,NA,NA,NA,FALSE,TRUE
182,"Dockar-Clay, Zach","MNL","HOK",325200,NA,0,NA,NA,0,5,NA,"pre","Yet to play",NA,NA,NA,NA,NA,FALSE,TRUE
505,"Mason, Heath","WST","5/8/FLB",323100,NA,0,NA,NA,0,5,NA,"pre","Yet to play",NA,NA,NA,NA,NA,FALSE,TRUE
177,"Wishart, Tyran","MEL","5/8/HFB",323100,NA,32.8,NA,NA,164,5,NA,"pre","Yet to play",NA,NA,NA,NA,NA,FALSE,TRUE
427,"Fletcher, Thomas","STH","2RF",322700,NA,1.6,NA,NA,8,5,NA,"pre","Yet to play",NA,NA,NA,NA,NA,FALSE,TRUE
25,"Talty, Ben","BRO","2RF/FRF",322300,NA,29.4,NA,NA,147,5,NA,"pre","Yet to play",NA,NA,NA,NA,NA,FALSE,TRUE
378,"Kaufusi, Oregon","SHA","FRF",319500,NA,31.2,NA,NA,156,5,NA,"pre","Yet to play",NA,NA,NA,NA,NA,FALSE,TRUE
166,"Leo, Moses","MEL","CTW",317500,NA,39.6,NA,NA,198,5,NA,"pre","Yet to play",NA,NA,NA,NA,NA,FALSE,TRUE
424,"Bentley-Hape, Bayleigh","STH","CTW",317300,NA,0,NA,NA,0,5,NA,"pre","Yet to play",NA,NA,NA,NA,NA,FALSE,TRUE
264,"Mikaele, Thomas","NQC","FRF",316800,NA,21.4,NA,NA,107,5,NA,"pre","Yet to play",NA,NA,NA,NA,NA,FALSE,TRUE
393,"Atkinson, Daniel","STG","HFB",315900,NA,39.4,NA,NA,197,5,NA,"pre","Yet to play",NA,NA,NA,NA,NA,FALSE,TRUE
129,"de Groot, Jaylan","GCT",NA,315200,NA,0,NA,NA,0,5,NA,"pre","Yet to play",NA,NA,NA,NA,NA,FALSE,TRUE
18,"Piakura, Brendan","BRO","2RF",313400,NA,21.8,NA,NA,109,5,NA,"pre","Yet to play",NA,NA,NA,NA,NA,FALSE,TRUE
309,"Da Silva, Tallyn","PAR",NA,312800,NA,31.6,NA,NA,158,5,NA,"pre","Yet to play",NA,NA,NA,NA,NA,FALSE,TRUE
110,"Kaufusi, Felise","DOL","FRF",312400,NA,30.8,NA,NA,154,5,NA,"pre","Bye Next Round","Bye Next Round",NA,NA,NA,NA,FALSE,TRUE
41,"Hopoi, Lipoi","BUL","2RF/FRF",309000,NA,7.6,NA,NA,38,5,NA,"pre","Yet to play",NA,NA,NA,NA,NA,FALSE,TRUE
290,"Healey, Sam","NZL","HOK",305800,NA,24.4,NA,NA,122,5,NA,"pre","Yet to play",NA,NA,NA,NA,NA,FALSE,TRUE
389,"Talakai, Siosifa","SHA","2RF/CTW",305000,NA,29.2,NA,NA,146,5,NA,"pre","Yet to play",NA,NA,NA,NA,NA,FALSE,TRUE
76,"Mariota, Ata","CBR","FRF",304200,NA,28.8,NA,NA,144,5,NA,"pre","Yet to play",NA,NA,NA,NA,NA,FALSE,TRUE
322,"Papalii, Joash","PAR","5/8",303800,NA,13,NA,NA,65,5,NA,"pre","Yet to play",NA,NA,NA,NA,NA,FALSE,TRUE
461,"Foketi, Salesi","SYD","2RF",303500,NA,18.2,NA,NA,91,5,NA,"pre","Yet to play",NA,NA,NA,NA,NA,FALSE,TRUE
338,"Cogger, Jack","PTH","HFB/5/8",303400,NA,9.4,NA,NA,47,5,NA,"pre","Yet to play",NA,NA,NA,NA,NA,FALSE,TRUE
219,"Graham, Harrison","NEW","HOK",303400,NA,24.8,NA,NA,124,5,NA,"pre","Yet to play",NA,NA,NA,NA,NA,FALSE,TRUE
179,"Brown, Nathan","MNL","FRF",300700,NA,5.6,NA,NA,28,5,NA,"pre","Yet to play",NA,NA,NA,NA,NA,FALSE,TRUE
354,"Patea, Luron","PTH","FRF",294900,NA,0,NA,NA,0,5,NA,"pre","Yet to play",NA,NA,NA,NA,NA,FALSE,TRUE
342,"Eisenhuth, Matthew","PTH","2RF/FRF",292500,NA,0,NA,NA,0,5,NA,"pre","Yet to play",NA,NA,NA,NA,NA,FALSE,TRUE
487,"*** Bird, Jack","WST",NA,292200,NA,0,NA,NA,0,5,NA,"pre","inactive",NA,NA,NA,NA,NA,FALSE,FALSE
495,"Geyer, Mavrik","WST","2RF",292100,NA,0,NA,NA,0,5,NA,"pre","Yet to play",NA,NA,NA,NA,NA,FALSE,TRUE
520,"Bai, Cooper","GCT","2RF",286300,NA,34.8,NA,NA,174,5,NA,"pre","Yet to play",NA,NA,NA,NA,NA,FALSE,TRUE
131,"Faeamani, Sialetili","GCT","CTW",286000,NA,40.2,NA,NA,201,5,NA,"pre","Yet to play",NA,NA,NA,NA,NA,FALSE,TRUE
136,"Francis, Tony","GCT","CTW",286000,NA,0,NA,NA,0,5,NA,"pre","Yet to play",NA,NA,NA,NA,NA,FALSE,TRUE
163,"Kamikamica, Tui","MEL","FRF",284100,NA,28.4,NA,NA,142,5,NA,"pre","Yet to play",NA,NA,NA,NA,NA,FALSE,TRUE
122,"Schneider, Brad","DOL","HFB/HOK",283500,NA,21.8,NA,NA,109,5,NA,"pre","Bye Next Round","Bye Next Round",NA,NA,NA,NA,FALSE,TRUE
218,"Gamble, Tyson","NEW","5/8/HFB",281600,NA,13.2,NA,NA,66,5,NA,"pre","Yet to play",NA,NA,NA,NA,NA,FALSE,TRUE
537,"Phillips, Billy","PTH","2RF",280100,NA,35.8,NA,NA,179,5,NA,"pre","Yet to play",NA,NA,NA,NA,NA,FALSE,TRUE
192,"Navale, Caleb","MNL","2RF/FRF",277900,NA,0,NA,NA,0,5,NA,"pre","Yet to play",NA,NA,NA,NA,NA,FALSE,TRUE
498,"Hunt, Royce","WST","FRF",277300,NA,26,NA,NA,130,5,NA,"pre","Yet to play",NA,NA,NA,NA,NA,FALSE,TRUE
148,"Patston, Joshua","GCT","2RF",275000,NA,0,NA,NA,0,5,NA,"pre","Yet to play",NA,NA,NA,NA,NA,FALSE,TRUE
413,"Sele, Hame","STG","FRF",274700,NA,25.4,NA,NA,127,5,NA,"pre","Yet to play",NA,NA,NA,NA,NA,FALSE,TRUE
267,"O'Donnell, Kai","NQC",NA,273700,NA,21.6,NA,NA,108,5,NA,"pre","Yet to play",NA,NA,NA,NA,NA,FALSE,TRUE
311,"Doorey, Matthew","PAR","2RF",269400,NA,19.4,NA,NA,97,5,NA,"pre","Yet to play",NA,NA,NA,NA,NA,FALSE,TRUE
167,"Lisati, Ativalu","MEL","2RF",269400,NA,33,NA,NA,165,5,NA,"pre","Yet to play",NA,NA,NA,NA,NA,FALSE,TRUE
172,"Pahulu, Josiah","MEL","FRF",268600,NA,0,NA,NA,0,5,NA,"pre","Yet to play",NA,NA,NA,NA,NA,FALSE,TRUE
428,"Garlick, Bronson","STH","HOK/2RF",268400,NA,15.6,NA,NA,78,5,NA,"pre","Yet to play",NA,NA,NA,NA,NA,FALSE,TRUE
408,"Lawson, Nathan","STG","CTW",268000,NA,0,NA,NA,0,5,NA,"pre","Yet to play",NA,NA,NA,NA,NA,FALSE,TRUE
525,"Lussick, Freddy","PTH","HOK",265900,NA,22.8,NA,NA,114,5,NA,"pre","Yet to play",NA,NA,NA,NA,NA,FALSE,TRUE
235,"Saulo, Pasami","NEW","FRF",265300,NA,30.2,NA,NA,151,5,NA,"pre","Yet to play",NA,NA,NA,NA,NA,FALSE,TRUE
420,"Tu, Setu","STG","CTW",264600,NA,28.6,NA,NA,143,5,NA,"pre","Yet to play",NA,NA,NA,NA,NA,FALSE,TRUE
551,"Herbert, Patrick","WST","CTW",261000,NA,0,NA,NA,0,5,NA,"pre","Yet to play",NA,NA,NA,NA,NA,FALSE,TRUE
10,"Hunt, Jaiyden","BRO","2RF",258700,NA,0,NA,NA,0,5,NA,"pre","Yet to play",NA,NA,NA,NA,NA,FALSE,TRUE
447,"Sullivan, Jayden","STH","5/8/HFB",255600,NA,13.6,NA,NA,68,5,NA,"pre","Yet to play",NA,NA,NA,NA,NA,FALSE,TRUE
538,"Clarke, Cooper","MEL","FRF",253700,NA,32,NA,NA,160,5,NA,"pre","Yet to play",NA,NA,NA,NA,NA,FALSE,TRUE
141,"Ilias, Lachlan","GCT","HFB",250800,NA,26.6,NA,NA,133,5,NA,"pre","Yet to play",NA,NA,NA,NA,NA,FALSE,TRUE
463,"Ioelu, Benaiah","SYD","HOK",248900,NA,13.6,NA,NA,68,5,NA,"pre","Yet to play",NA,NA,NA,NA,NA,FALSE,TRUE
255,"King, Ethan","NQC","CTW/FLB",246400,NA,0,NA,NA,0,5,NA,"pre","Yet to play",NA,NA,NA,NA,NA,FALSE,TRUE
69,"Brailey, Jayden","CBR","HOK",243300,NA,17,NA,NA,85,5,NA,"pre","Yet to play",NA,NA,NA,NA,NA,FALSE,TRUE
51,"O'Sullivan, Sean","BUL",NA,242500,NA,5,NA,NA,25,5,NA,"pre","Yet to play",NA,NA,NA,NA,NA,FALSE,TRUE
516,"Sukkar, Tony","WST","2RF",241200,NA,0,NA,NA,0,5,NA,"pre","Yet to play",NA,NA,NA,NA,NA,FALSE,TRUE
438,"Le Blanc, Liam","STH",NA,239300,NA,0,NA,NA,0,5,NA,"pre","Yet to play",NA,NA,NA,NA,NA,FALSE,TRUE
32,"Baker, Fletcher","BUL","FRF",238600,NA,0,NA,NA,0,5,NA,"pre","Yet to play",NA,NA,NA,NA,NA,FALSE,TRUE
82,"Pattie, Owen","CBR","HOK",237600,NA,0,NA,NA,0,5,NA,"pre","Yet to play",NA,NA,NA,NA,NA,FALSE,TRUE
497,"Hope, Tristan","WST","HOK",236300,NA,3.2,NA,NA,16,5,NA,"pre","Yet to play",NA,NA,NA,NA,NA,FALSE,TRUE
258,"*** Lawton, Karl","NQC",NA,235600,NA,0,NA,NA,0,5,NA,"pre","inactive",NA,NA,NA,NA,NA,FALSE,FALSE
480,"*** Va'a, Xavier","SYD",NA,235600,NA,0,NA,NA,0,5,NA,"pre","inactive",NA,NA,NA,NA,NA,FALSE,FALSE
485,"Afoa, Bunty","WST","FRF",235600,NA,0,NA,NA,0,5,NA,"pre","Yet to play",NA,NA,NA,NA,NA,FALSE,TRUE
208,"Arthur, Matt","NEW","HOK",235600,NA,0,NA,NA,0,5,NA,"pre","Yet to play",NA,NA,NA,NA,NA,FALSE,TRUE
67,"Asomua, Michael","CBR","CTW",235600,NA,0,NA,NA,0,5,NA,"pre","Yet to play",NA,NA,NA,NA,NA,FALSE,TRUE
180,"Bryan, Paul","MNL","FRF",235600,NA,4.6,NA,NA,23,5,NA,"pre","Yet to play",NA,NA,NA,NA,NA,FALSE,TRUE
34,"Chan Kum Tong, Gordon","BUL",NA,235600,NA,0,NA,NA,0,5,NA,"pre","Yet to play",NA,NA,NA,NA,NA,FALSE,TRUE
5,"Duffy, Tom","BRO","HFB",235600,NA,0,NA,NA,0,5,NA,"pre","Yet to play",NA,NA,NA,NA,NA,FALSE,TRUE
340,"Edgar, Jaxen","PTH","FLB",235600,NA,0,NA,NA,0,5,NA,"pre","Yet to play",NA,NA,NA,NA,NA,FALSE,TRUE
398,"Fale, David","STG","CTW",235600,NA,5.8,NA,NA,29,5,NA,"pre","Yet to play",NA,NA,NA,NA,NA,FALSE,TRUE
527,"Fifita, Viliami","MNL","2RF/FRF",235600,NA,0,NA,NA,0,5,NA,"pre","Yet to play",NA,NA,NA,NA,NA,FALSE,TRUE
343,"Fonua, Sione","PTH","CTW/FLB",235600,NA,0,NA,NA,0,5,NA,"pre","Yet to play",NA,NA,NA,NA,NA,FALSE,TRUE
137,"Gray, Brock","GCT","2RF",235600,NA,0,NA,NA,0,5,NA,"pre","Yet to play",NA,NA,NA,NA,NA,FALSE,TRUE
369,"Hau Tapuha, Tuku","SHA",NA,235600,NA,0,NA,NA,0,5,NA,"pre","Yet to play",NA,NA,NA,NA,NA,FALSE,TRUE
522,"Hetherington, Jack","MEL","2RF/FRF",235600,NA,9.2,NA,NA,46,5,NA,"pre","Yet to play",NA,NA,NA,NA,NA,FALSE,TRUE
8,"Hoeter, Delouise","BRO","CTW",235600,NA,0,NA,NA,0,5,NA,"pre","Yet to play",NA,NA,NA,NA,NA,FALSE,TRUE
220,"Hola, Peter","NEW","FRF",235600,NA,0,NA,NA,0,5,NA,"pre","Yet to play",NA,NA,NA,NA,NA,FALSE,TRUE
221,"Hopwood, Cody","NEW","FRF",235600,NA,4.4,NA,NA,22,5,NA,"pre","Yet to play",NA,NA,NA,NA,NA,FALSE,TRUE
161,"Huen, Stanley","MEL","5/8",235600,NA,0,NA,NA,0,5,NA,"pre","Yet to play",NA,NA,NA,NA,NA,FALSE,TRUE
257,"Lahrs, Kaiden","NQC","FRF",235600,NA,3.4,NA,NA,17,5,NA,"pre","Yet to play",NA,NA,NA,NA,NA,FALSE,TRUE
500,"Laulilii, Kit","WST","2RF",235600,NA,0,NA,NA,0,5,NA,"pre","Yet to play",NA,NA,NA,NA,NA,FALSE,TRUE
465,"Losalu, Taylor","SYD","FRF",235600,NA,0,NA,NA,0,5,NA,"pre","Yet to play",NA,NA,NA,NA,NA,FALSE,TRUE
296,"Martin, Te Maire","NZL",NA,235600,NA,0,NA,NA,0,5,NA,"pre","Yet to play",NA,NA,NA,NA,NA,FALSE,TRUE
318,"Mataele, Toni","PAR","2RF",235600,NA,0,NA,NA,0,5,NA,"pre","Yet to play",NA,NA,NA,NA,NA,FALSE,TRUE
352,"McLean, Jesse","PTH","CTW",235600,NA,0,NA,NA,0,5,NA,"pre","Yet to play",NA,NA,NA,NA,NA,FALSE,TRUE
509,"Murray, Charlie","WST","2RF",235600,NA,0,NA,NA,0,5,NA,"pre","Yet to play",NA,NA,NA,NA,NA,FALSE,TRUE
384,"Puru, Hohepa","SHA","2RF",235600,NA,3.6,NA,NA,18,5,NA,"pre","Yet to play",NA,NA,NA,NA,NA,FALSE,TRUE
84,"Roddy, Joe","CBR","2RF",235600,NA,4.2,NA,NA,21,5,NA,"pre","Yet to play",NA,NA,NA,NA,NA,FALSE,TRUE
548,"Rodwell, Tom","SYD","CTW",235600,NA,0,NA,NA,0,5,NA,"pre","Yet to play",NA,NA,NA,NA,NA,FALSE,TRUE
21,"Rogers, Josh","BRO","5/8",235600,NA,0,NA,NA,0,5,NA,"pre","Yet to play",NA,NA,NA,NA,NA,FALSE,TRUE
234,"Salesa-Leaumoana, Elijah","NEW","2RF/FRF",235600,NA,0,NA,NA,0,5,NA,"pre","Yet to play",NA,NA,NA,NA,NA,FALSE,TRUE
197,"Schoupp, Aaron","MNL","CTW",235600,NA,0,NA,NA,0,5,NA,"pre","Yet to play",NA,NA,NA,NA,NA,FALSE,TRUE
151,"Simpkins, Tukimihia","GCT","FRF",235600,NA,10.2,NA,NA,51,5,NA,"pre","Yet to play",NA,NA,NA,NA,NA,FALSE,TRUE
446,"Smith, Brandon","STH","HOK",235600,NA,0,NA,NA,0,5,NA,"pre","Yet to play",NA,NA,NA,NA,NA,FALSE,TRUE
152,"Sommerton, Luke","GCT","HOK",235600,NA,3,NA,NA,15,5,NA,"pre","Yet to play",NA,NA,NA,NA,NA,FALSE,TRUE
90,"Stewart, Chevy","CBR","FLB",235600,NA,0,NA,NA,0,5,NA,"pre","Yet to play",NA,NA,NA,NA,NA,FALSE,TRUE
57,"Suluka-Fifita, Daniel","BUL","FRF",235600,NA,0,NA,NA,0,5,NA,"pre","Yet to play",NA,NA,NA,NA,NA,FALSE,TRUE
27,"Te Kura, Benjamin","BRO",NA,235600,NA,0,NA,NA,0,5,NA,"pre","Yet to play",NA,NA,NA,NA,NA,FALSE,TRUE
59,"Todd, Jack","BUL","2RF/FRF",235600,NA,0,NA,NA,0,5,NA,"pre","Yet to play",NA,NA,NA,NA,NA,FALSE,TRUE
173,"Toelau, Trent","MEL","HFB",235600,NA,0,NA,NA,0,5,NA,"pre","Yet to play",NA,NA,NA,NA,NA,FALSE,TRUE
419,"Tsougranis, Nick","STG","2RF/CTW",235600,NA,0,NA,NA,0,5,NA,"pre","Yet to play",NA,NA,NA,NA,NA,FALSE,TRUE
478,"Tupou, Junior","SYD","CTW",235600,NA,0,NA,NA,0,5,NA,"pre","Yet to play",NA,NA,NA,NA,NA,FALSE,TRUE
479,"Va'a, De La Salle","SYD",NA,235600,NA,0,NA,NA,0,5,NA,"pre","Yet to play",NA,NA,NA,NA,NA,FALSE,TRUE
175,"Vaalepu, Lazarus","MEL","FRF",235600,NA,0,NA,NA,0,5,NA,"pre","Yet to play",NA,NA,NA,NA,NA,FALSE,TRUE
391,"Vea'ila, Chris","SHA",NA,235600,NA,0,NA,NA,0,5,NA,"pre","Yet to play",NA,NA,NA,NA,NA,FALSE,TRUE
332,"Volkman, Ronald","PAR","HFB",235600,NA,0,NA,NA,0,5,NA,"pre","Yet to play",NA,NA,NA,NA,NA,FALSE,TRUE
240,"Votano, Connor","NEW","FLB",235600,NA,0,NA,NA,0,5,NA,"pre","Yet to play",NA,NA,NA,NA,NA,FALSE,TRUE
95,"Waitere, Manaia","MEL","CTW",235600,NA,22.6,NA,NA,113,5,NA,"pre","Yet to play",NA,NA,NA,NA,NA,FALSE,TRUE
205,"Walsh, Joey","MNL","HFB",235600,NA,0,NA,NA,0,5,NA,"pre","Yet to play",NA,NA,NA,NA,NA,FALSE,TRUE
336,"Ale, Tom","PTH","FRF",216800,NA,0,NA,NA,0,5,NA,"pre","Yet to play",NA,NA,NA,NA,NA,FALSE,TRUE
362,"Berrell, Jayden","SHA","HOK",216800,NA,0,NA,NA,0,5,NA,"pre","Yet to play",NA,NA,NA,NA,NA,FALSE,TRUE
184,"Feledy, Josh","MNL","CTW",216800,NA,3,NA,NA,15,5,NA,"pre","Yet to play",NA,NA,NA,NA,NA,FALSE,TRUE
375,"Ison, Liam","SHA","FLB",216800,NA,0,NA,NA,0,5,NA,"pre","Yet to play",NA,NA,NA,NA,NA,FALSE,TRUE
225,"Kepaoa, Asu","NEW","CTW",216800,NA,0,NA,NA,0,5,NA,"pre","Yet to play",NA,NA,NA,NA,NA,FALSE,TRUE
47,"Maiu'u, Zyon","BUL",NA,216800,NA,0,NA,NA,0,5,NA,"pre","Yet to play",NA,NA,NA,NA,NA,FALSE,TRUE
508,"Miller, Jordan","WST","FRF",216800,NA,0,NA,NA,0,5,NA,"pre","Yet to play",NA,NA,NA,NA,NA,FALSE,TRUE
15,"Mozer, Blake","BRO","HOK",216800,NA,0,NA,NA,0,5,NA,"pre","Yet to play",NA,NA,NA,NA,NA,FALSE,TRUE
17,"Perham, Hayze","BRO","CTW/FLB",216800,NA,0,NA,NA,0,5,NA,"pre","Yet to play",NA,NA,NA,NA,NA,FALSE,TRUE
124,"Su'a, Sebastian","DOL",NA,216800,NA,0,NA,NA,0,5,NA,"pre","Bye Next Round","Bye Next Round",NA,NA,NA,NA,FALSE,TRUE
56,"Sua, Jonathan","BUL","CTW",216800,NA,0,NA,NA,0,5,NA,"pre","Yet to play",NA,NA,NA,NA,NA,FALSE,TRUE
532,"Luke, Soni","NQC","HOK",216200,NA,7.4,NA,NA,37,5,NA,"pre","Yet to play",NA,NA,NA,NA,NA,FALSE,TRUE
533,"Turpin, Jake","BUL","HOK",212000,NA,0,NA,NA,0,5,NA,"pre","Yet to play",NA,NA,NA,NA,NA,FALSE,TRUE
204,"Wakeham, Brandon","MNL","5/8/HFB",209400,NA,12.2,NA,NA,61,5,NA,"pre","Yet to play",NA,NA,NA,NA,NA,FALSE,TRUE
553,"*** Pua'avase, D'Jazirhae","MNL",NA,201400,NA,0,NA,NA,0,5,NA,"pre","inactive",NA,NA,NA,NA,NA,FALSE,FALSE
31,"Alatini, Sosaia","BUL","2RF",201400,NA,0,NA,NA,0,5,NA,"pre","Yet to play",NA,NA,NA,NA,NA,FALSE,TRUE
486,"Andrews, Javon","WST","5/8",201400,NA,0,NA,NA,0,5,NA,"pre","Yet to play",NA,NA,NA,NA,NA,FALSE,TRUE
242,"Barber, Mason","NQC","FLB",201400,NA,0,NA,NA,0,5,NA,"pre","Yet to play",NA,NA,NA,NA,NA,FALSE,TRUE
454,"Bassingthwaighte, Rex","SYD","FLB",201400,NA,0,NA,NA,0,5,NA,"pre","Yet to play",NA,NA,NA,NA,NA,FALSE,TRUE
68,"Black, Coby","CBR","HFB",201400,NA,0,NA,NA,0,5,NA,"pre","Yet to play",NA,NA,NA,NA,NA,FALSE,TRUE
488,"Broederlow, Lachlan","WST","2RF",201400,NA,0,NA,NA,0,5,NA,"pre","Yet to play",NA,NA,NA,NA,NA,FALSE,TRUE
3,"Bukowski, Cameron","BRO","HOK",201400,NA,0,NA,NA,0,5,NA,"pre","Yet to play",NA,NA,NA,NA,NA,FALSE,TRUE
128,"Christensen, Adam","GCT","2RF",201400,NA,0,NA,NA,0,5,NA,"pre","Yet to play",NA,NA,NA,NA,NA,FALSE,TRUE
282,"Cleary, Jett","NZL","HFB",201400,NA,0,NA,NA,0,5,NA,"pre","Yet to play",NA,NA,NA,NA,NA,FALSE,TRUE
70,"Clydsdale, Jake","CBR","FRF",201400,NA,0,NA,NA,0,5,NA,"pre","Yet to play",NA,NA,NA,NA,NA,FALSE,TRUE
539,"Conn, Preston","MEL","2RF",201400,NA,1.4,NA,NA,7,5,NA,"pre","Yet to play",NA,NA,NA,NA,NA,FALSE,TRUE
490,"Craig, Will","WST","CTW",201400,NA,0,NA,NA,0,5,NA,"pre","Yet to play",NA,NA,NA,NA,NA,FALSE,TRUE
214,"Crouch, Lachlan","NEW","FRF",201400,NA,0,NA,NA,0,5,NA,"pre","Yet to play",NA,NA,NA,NA,NA,FALSE,TRUE
215,"De Courcey, Wilson","NEW",NA,201400,NA,3.8,NA,NA,19,5,NA,"pre","Yet to play",NA,NA,NA,NA,NA,FALSE,TRUE
37,"Dykes, Kade","BUL","FLB",201400,NA,0,NA,NA,0,5,NA,"pre","Yet to play",NA,NA,NA,NA,NA,FALSE,TRUE
460,"Elliott, Jake","SYD","HFB/5/8",201400,NA,0,NA,NA,0,5,NA,"pre","Yet to play",NA,NA,NA,NA,NA,FALSE,TRUE
284,"Fatialofa, Kayliss","NZL","2RF",201400,NA,0,NA,NA,0,5,NA,"pre","Yet to play",NA,NA,NA,NA,NA,FALSE,TRUE
103,"Fineanganofo, John","DOL","5/8/HOK",201400,NA,0,NA,NA,0,5,NA,"pre","Bye Next Round","Bye Next Round",NA,NA,NA,NA,FALSE,TRUE
462,"Foley, Reece","SYD","5/8/2RF",201400,NA,0,NA,NA,0,5,NA,"pre","Yet to play",NA,NA,NA,NA,NA,FALSE,TRUE
312,"Funa-Iuta, Jezaiah","PAR","2RF",201400,NA,0,NA,NA,0,5,NA,"pre","Yet to play",NA,NA,NA,NA,NA,FALSE,TRUE
367,"Gabrael, Michael","SHA","CTW",201400,NA,0,NA,NA,0,5,NA,"pre","Yet to play",NA,NA,NA,NA,NA,FALSE,TRUE
429,"Glover, Jonah","STH","HFB/5/8",201400,NA,0,NA,NA,0,5,NA,"pre","Yet to play",NA,NA,NA,NA,NA,FALSE,TRUE
345,"Going, Kalani","PTH","2RF/HOK",201400,NA,6.2,NA,NA,31,5,NA,"pre","Yet to play",NA,NA,NA,NA,NA,FALSE,TRUE
543,"Hanson, Luke","NZL","HFB",201400,NA,13.4,NA,NA,67,5,NA,"pre","Yet to play",NA,NA,NA,NA,NA,FALSE,TRUE
139,"Harrison, Zane","GCT","HFB",201400,NA,0,NA,NA,0,5,NA,"pre","Yet to play",NA,NA,NA,NA,NA,FALSE,TRUE
496,"Haywood, Jared","WST","HOK",201400,NA,0,NA,NA,0,5,NA,"pre","Yet to play",NA,NA,NA,NA,NA,FALSE,TRUE
252,"Herdegen, Zac","NQC","HFB/5/8",201400,NA,0,NA,NA,0,5,NA,"pre","Yet to play",NA,NA,NA,NA,NA,FALSE,TRUE
541,"Hinchey, Angus","MEL","2RF",201400,NA,1.8,NA,NA,9,5,NA,"pre","Yet to play",NA,NA,NA,NA,NA,FALSE,TRUE
372,"Hosking, Blake","SHA","2RF",201400,NA,0,NA,NA,0,5,NA,"pre","Yet to play",NA,NA,NA,NA,NA,FALSE,TRUE
223,"Hunter, Matthew","NEW","5/8",201400,NA,0,NA,NA,0,5,NA,"pre","Yet to play",NA,NA,NA,NA,NA,FALSE,TRUE
376,"Jones, Riley","SHA","HOK",201400,NA,0,NA,NA,0,5,NA,"pre","Yet to play",NA,NA,NA,NA,NA,FALSE,TRUE
254,"Kerrisk, Xavier","NQC","HOK",201400,NA,0,NA,NA,0,5,NA,"pre","Yet to play",NA,NA,NA,NA,NA,FALSE,TRUE
256,"Kira, Mason","NQC","2RF",201400,NA,0,NA,NA,0,5,NA,"pre","Yet to play",NA,NA,NA,NA,NA,FALSE,TRUE
190,"Laiafi, Simione","MNL","FRF",201400,NA,2.6,NA,NA,13,5,NA,"pre","Yet to play",NA,NA,NA,NA,NA,FALSE,TRUE
46,"Latu, Finau","BUL","2RF",201400,NA,0,NA,NA,0,5,NA,"pre","Yet to play",NA,NA,NA,NA,NA,FALSE,TRUE
317,"Latu, William","PAR","2RF",201400,NA,0,NA,NA,0,5,NA,"pre","Yet to play",NA,NA,NA,NA,NA,FALSE,TRUE
295,"Linnane, Jye","NZL","5/8",201400,NA,0,NA,NA,0,5,NA,"pre","Yet to play",NA,NA,NA,NA,NA,FALSE,TRUE
145,"Liu, Jett","GCT","FRF",201400,NA,0,NA,NA,0,5,NA,"pre","Yet to play",NA,NA,NA,NA,NA,FALSE,TRUE
227,"Manuleleua, Francis","NEW","2RF",201400,NA,1.8,NA,NA,9,5,NA,"pre","Yet to play",NA,NA,NA,NA,NA,FALSE,TRUE
77,"Martin, Myles","CBR","FRF/2RF",201400,NA,0,NA,NA,0,5,NA,"pre","Yet to play",NA,NA,NA,NA,NA,FALSE,TRUE
440,"McCarthy, Max","STH","2RF",201400,NA,0,NA,NA,0,5,NA,"pre","Yet to play",NA,NA,NA,NA,NA,FALSE,TRUE
297,"Mellars, Haizyn","NZL","CTW",201400,NA,0,NA,NA,0,5,NA,"pre","Yet to play",NA,NA,NA,NA,NA,FALSE,TRUE
191,"Muagututia, Zaidas","MNL","HOK",201400,NA,0,NA,NA,0,5,NA,"pre","Yet to play",NA,NA,NA,NA,NA,FALSE,TRUE
118,"Nonu, LJ","DOL","CTW",201400,NA,0,NA,NA,0,5,NA,"pre","Bye Next Round","Bye Next Round",NA,NA,NA,NA,FALSE,TRUE
50,"O'Neill, Joseph","STG",NA,201400,NA,0,NA,NA,0,5,NA,"pre","Yet to play",NA,NA,NA,NA,NA,FALSE,TRUE
80,"Packer, Shaun","CBR","HOK",201400,NA,0,NA,NA,0,5,NA,"pre","Yet to play",NA,NA,NA,NA,NA,FALSE,TRUE
147,"Pascoe, Oliver","GCT","HOK",201400,NA,10,NA,NA,50,5,NA,"pre","Yet to play",NA,NA,NA,NA,NA,FALSE,TRUE
301,"Pasikala, Motu","NZL","FLB/CTW",201400,NA,0,NA,NA,0,5,NA,"pre","Yet to play",NA,NA,NA,NA,NA,FALSE,TRUE
83,"Patuki-Case, Vena","CBR","FRF",201400,NA,0,NA,NA,0,5,NA,"pre","Yet to play",NA,NA,NA,NA,NA,FALSE,TRUE
269,"Philitoga, Ronald","NQC","CTW",201400,NA,0,NA,NA,0,5,NA,"pre","Yet to play",NA,NA,NA,NA,NA,FALSE,TRUE
383,"Pollard, Riley","SHA","HFB",201400,NA,0,NA,NA,0,5,NA,"pre","Yet to play",NA,NA,NA,NA,NA,FALSE,TRUE
521,"Pouniu, Brian","DOL","2RF",201400,NA,0,NA,NA,0,5,NA,"pre","Bye Next Round","Bye Next Round",NA,NA,NA,NA,FALSE,TRUE
195,"Pua'avase, D'Jazirhae","MNL",NA,201400,NA,0,NA,NA,0,5,NA,"pre","Yet to play",NA,NA,NA,NA,NA,FALSE,TRUE
385,"Puru, Niwhai","SHA","HFB",201400,NA,0,NA,NA,0,5,NA,"pre","Yet to play",NA,NA,NA,NA,NA,FALSE,TRUE
444,"Radel, John","STH","FRF",201400,NA,0,NA,NA,0,5,NA,"pre","Yet to play",NA,NA,NA,NA,NA,FALSE,TRUE
469,"Ramsey, Cody","SYD","CTW/FLB",201400,NA,0,NA,NA,0,5,NA,"pre","Yet to play",NA,NA,NA,NA,NA,FALSE,TRUE
120,"Rasmussen, Elijah","DOL","FRF",201400,NA,0,NA,NA,0,5,NA,"pre","Bye Next Round","Bye Next Round",NA,NA,NA,NA,FALSE,TRUE
412,"Reed, Kade","STG","5/8",201400,NA,0,NA,NA,0,5,NA,"pre","Yet to play",NA,NA,NA,NA,NA,FALSE,TRUE
512,"Roberts, Ethan","WST","FRF/2RF",201400,NA,0,NA,NA,0,5,NA,"pre","Yet to play",NA,NA,NA,NA,NA,FALSE,TRUE
471,"Rodwell, Toby","SYD","HFB",201400,NA,0,NA,NA,0,5,NA,"pre","Yet to play",NA,NA,NA,NA,NA,FALSE,TRUE
513,"Saukuru, Solomone","WST","CTW",201400,NA,0,NA,NA,0,5,NA,"pre","Yet to play",NA,NA,NA,NA,NA,FALSE,TRUE
355,"Scott, Billy","PTH","HOK",201400,NA,0,NA,NA,0,5,NA,"pre","Yet to play",NA,NA,NA,NA,NA,FALSE,TRUE
22,"Semu, VJ","BRO","FRF",201400,NA,0,NA,NA,0,5,NA,"pre","Yet to play",NA,NA,NA,NA,NA,FALSE,TRUE
445,"Siegwalt, Latrell","STH","HFB/FLB",201400,NA,0,NA,NA,0,5,NA,"pre","Yet to play",NA,NA,NA,NA,NA,FALSE,TRUE
55,"Spinks, Logan","BUL","2RF",201400,NA,0,NA,NA,0,5,NA,"pre","Yet to play",NA,NA,NA,NA,NA,FALSE,TRUE
415,"Stanley-Traill, Cyrus","STG","2RF",201400,NA,0,NA,NA,0,5,NA,"pre","Yet to play",NA,NA,NA,NA,NA,FALSE,TRUE
239,"Sullivan, Wil","NEW","FRF",201400,NA,0,NA,NA,0,5,NA,"pre","Yet to play",NA,NA,NA,NA,NA,FALSE,TRUE
271,"Sutton, Liam","NQC","HFB/5/8",201400,NA,0,NA,NA,0,5,NA,"pre","Yet to play",NA,NA,NA,NA,NA,FALSE,TRUE
546,"Symonds, Lewis","DOL","2RF",201400,NA,0,NA,NA,0,5,NA,"pre","Bye Next Round","Bye Next Round",NA,NA,NA,NA,FALSE,TRUE
450,"Taua, Nazareth","STH","2RF",201400,NA,0,NA,NA,0,5,NA,"pre","Yet to play",NA,NA,NA,NA,NA,FALSE,TRUE
153,"Taumoepeau, Jensen","GCT","CTW",201400,NA,0,NA,NA,0,5,NA,"pre","Yet to play",NA,NA,NA,NA,NA,FALSE,TRUE
552,"Tavana, Faaletino","WST","CTW/FLB",201400,NA,18.2,NA,NA,91,5,NA,"pre","Yet to play",NA,NA,NA,NA,NA,FALSE,TRUE
540,"Tuimalatu-Brown, Siulagi","MEL","CTW",201400,NA,5.4,NA,NA,27,5,NA,"pre","Yet to play",NA,NA,NA,NA,NA,FALSE,TRUE
558,"Twidle, Apa","PAR","HFB",201400,NA,17.6,NA,NA,88,5,NA,"pre","Yet to play",NA,NA,NA,NA,NA,FALSE,TRUE
63,"Underhill, Jack","BUL","FRF",201400,NA,0,NA,NA,0,5,NA,"pre","Yet to play",NA,NA,NA,NA,NA,FALSE,TRUE
557,"Verhoeven, Antonio","BRO","CTW",201400,NA,3,NA,NA,15,5,NA,"pre","Yet to play",NA,NA,NA,NA,NA,FALSE,TRUE
275,"Walsh, James","NQC","2RF/CTW",201400,NA,0,NA,NA,0,5,NA,"pre","Yet to play",NA,NA,NA,NA,NA,FALSE,TRUE
276,"Watts, Matthew","NQC","FRF",201400,NA,0,NA,NA,0,5,NA,"pre","Yet to play",NA,NA,NA,NA,NA,FALSE,TRUE
206,"Willett, Navren","MNL","CTW",201400,NA,0,NA,NA,0,5,NA,"pre","Yet to play",NA,NA,NA,NA,NA,FALSE,TRUE
64,"Woods, Mitchell","BUL","HFB",201400,NA,0,NA,NA,0,5,NA,"pre","Yet to play",NA,NA,NA,NA,NA,FALSE,TRUE
545,"Woolf, Brent","DOL","HOK",201400,NA,3.8,NA,NA,19,5,NA,"pre","Bye Next Round","Bye Next Round",NA,NA,NA,NA,FALSE,TRUE
66,"Young, Patrick","BUL","2RF",201400,NA,0,NA,NA,0,5,NA,"pre","Yet to play",NA,NA,NA,NA,NA,FALSE,TRUE
549,"Ataata, Salesi","STH",NA,NA,NA,NA,NA,NA,NA,NA,NA,"pre","Yet to play",NA,NA,NA,NA,NA,FALSE,TRUE
542,"Brown, Teancum","PAR",NA,NA,NA,NA,NA,NA,NA,NA,NA,"pre","Yet to play",NA,NA,NA,NA,NA,FALSE,TRUE
556,"Hutchinson, Ryan","STG",NA,NA,NA,NA,NA,NA,NA,NA,NA,"pre","Yet to play",NA,NA,NA,NA,NA,FALSE,TRUE
534,"Jones, Alekolasimi","BUL",NA,NA,NA,NA,NA,NA,NA,NA,NA,"pre","Yet to play",NA,NA,NA,NA,NA,FALSE,TRUE
529,"Muhleisen, Connor","STG",NA,NA,NA,NA,NA,NA,NA,NA,NA,"pre","Yet to play",NA,NA,NA,NA,NA,FALSE,TRUE
554,"Nanva, Araz","PAR",NA,NA,NA,NA,NA,NA,NA,NA,NA,"pre","Yet to play",NA,NA,NA,NA,NA,FALSE,TRUE
531,"Peel, Hugo","MEL",NA,NA,NA,NA,NA,NA,NA,NA,NA,"pre","Yet to play",NA,NA,NA,NA,NA,FALSE,TRUE
528,"Penisini, Richard","PAR",NA,NA,NA,NA,NA,NA,NA,NA,NA,"pre","Yet to play",NA,NA,NA,NA,NA,FALSE,TRUE
530,"Penitani, Talanoa","STH",NA,NA,NA,NA,NA,NA,NA,NA,NA,"pre","Yet to play",NA,NA,NA,NA,NA,FALSE,TRUE
536,"Satrick, Gabriel","MEL",NA,NA,NA,NA,NA,NA,NA,NA,NA,"pre","Yet to play",NA,NA,NA,NA,NA,FALSE,TRUE
535,"Seve, Marion","MEL",NA,NA,NA,NA,NA,NA,NA,NA,NA,"pre","Yet to play",NA,NA,NA,NA,NA,FALSE,TRUE
550,"Shereb, Jackson","MNL",NA,NA,NA,NA,NA,NA,NA,NA,NA,"pre","Yet to play",NA,NA,NA,NA,NA,FALSE,TRUE
